pdb_id,ligand_resname,ligand_chain,ligand_resnum,feat_0,feat_1,feat_2,feat_3,feat_4,feat_5,feat_6,feat_7,feat_8,feat_9,feat_10,feat_11,feat_12,feat_13,feat_14,feat_15,feat_16,feat_17,feat_18,feat_19,feat_20,feat_21,feat_22,feat_23,feat_24,feat_25,feat_26,feat_27,feat_28,feat_29,feat_30,feat_31,feat_32,feat_33,feat_34,feat_35,feat_36,feat_37,feat_38,feat_39,feat_40,feat_41,feat_42,feat_43,feat_44,feat_45,feat_46,feat_47,feat_48,feat_49,feat_50,feat_51,feat_52,feat_53,feat_54,feat_55,feat_56,feat_57,feat_58,feat_59,feat_60,feat_61,feat_62,feat_63,feat_64,feat_65,feat_66,feat_67,feat_68,feat_69,feat_70,feat_71,feat_72,feat_73,feat_74,feat_75,feat_76,feat_77,feat_78,feat_79,feat_80,feat_81,feat_82,feat_83,feat_84,feat_85,feat_86,feat_87,feat_88,feat_89,feat_90,feat_91,feat_92,feat_93,feat_94,feat_95,feat_96,feat_97,feat_98,feat_99,feat_100,feat_101,feat_102,feat_103,feat_104,feat_105,feat_106,feat_107,feat_108,feat_109,feat_110,feat_111,feat_112,feat_113,feat_114,feat_115,feat_116,feat_117,feat_118,feat_119,feat_120,feat_121,feat_122,feat_123,feat_124,feat_125,feat_126,feat_127
0,FAD,B,1,-0.16436236,0.014302839,0.60769117,0.1888227,-0.115356684,0.1417362,0.17382097,-0.06321679,0.42449754,-0.120121375,-0.21296132,0.26075912,0.21110557,-0.04406111,-0.14998707,0.09509994,0.35893688,-0.14698823,0.11975838,0.3124373,0.39641824,-0.049682707,-0.08108715,0.21035573,-0.10078125,-0.08269301,0.20635328,-0.031644933,0.087824605,0.32953855,-0.005924842,-0.08767787,0.19936796,0.013371303,0.007900155,-0.07289702,-0.08090476,0.10815088,0.010325919,-0.17968684,0.029516745,0.13223073,-0.047128834,0.27838498,0.053499524,0.2182319,0.14944747,0.081285745,0.52826697,-0.07016126,-0.026298052,0.062326245,0.034251526,-0.06771447,0.49039227,0.21634084,0.03726715,-0.047858544,0.14533608,0.18801498,0.45371604,0.1344364,-0.21847226,0.25979194,0.15927327,0.053499352,0.022370713,-0.18666932,0.14919572,-0.011193531,0.33613586,-0.014284034,0.026176246,0.124957435,-0.061573874,0.33256784,0.0962754,-0.13210474,0.10479665,0.022342872,-0.085393205,0.38681298,0.03691728,0.21980742,-0.00521757,0.17895076,0.23488049,0.22135748,0.17780873,0.16919366,0.1166427,-0.13383047,-0.025678677,-0.15459926,-0.026734835,0.0063210363,-0.08490232,0.12602675,-0.16327658,-0.120257415,0.33146206,-0.010526008,0.19514254,0.26717573,0.0012226389,0.06755382,0.3159618,0.008239986,-0.0371239,-0.059114944,0.081353016,0.07251152,0.24615695,-0.122500986,0.20975442,-0.20301762,0.24791491,0.31712052,0.18750589,-0.041650143,0.25209847,-0.027725134,0.20991853,-0.16100399,0.103105806,-0.01779515,-0.12095317,0.29047266
1,UNL, ,1,0.202778,0.0903059,-0.09145727,-0.034004465,-0.0037020138,0.06225806,-0.105050705,-0.14229898,0.6137272,-0.05847139,-0.20308517,0.0063482774,0.078494295,-0.21675692,-0.20814812,0.23015577,0.335335,0.019107182,0.48899287,0.17460008,0.31181377,0.037151597,0.18121904,0.3726791,0.16383414,-0.2262618,0.3105478,0.11425435,-0.058848444,-0.0920899,0.17603184,-0.14166926,0.58420724,0.14913611,0.119810425,0.52531266,-0.22455427,0.3786404,0.589025,-0.1988646,0.49955404,-0.009669371,0.0034670983,1.0919073,-0.20661016,0.23721743,0.032280624,0.0638774,1.233119,-0.2599073,-0.11736248,-0.17992963,-0.22934051,-0.122637615,-0.13138375,-0.14992994,-0.14877898,-0.06448752,0.04804956,0.12797365,0.801809,0.4004092,-0.25815225,0.55536014,-0.25574422,-0.20811196,-0.046575654,-0.12997212,-0.12644342,-0.056352276,-0.003585118,-0.07787412,0.120219804,0.2856693,0.17040294,0.12664674,-0.26974666,-0.15890124,0.54666626,-0.20970197,-0.014998827,-0.13415013,-0.2051628,0.40896562,-0.2611467,-0.2292225,-0.2516518,-0.19731402,0.015858084,-0.087052315,0.14286971,-0.15990946,-0.11814691,0.0357385,-0.2132705,-0.21936584,0.003410986,-0.013270768,-0.2275254,0.10405377,0.36060026,0.08651195,0.5850295,0.2522146,-0.24961913,-0.026531318,-0.065999426,-0.13491108,-0.21387011,-0.2756441,0.47019267,0.03391964,0.06078676,0.263529,0.061826017,0.019256132,1.1206411,0.11268356,-0.029841205,0.039681453,0.34018692,0.2255904,-0.1294327,-0.09570384,-0.12370964,-0.09642176,-0.21311523,-0.1607978
100,UNL, ,1,-0.11349413,0.0043971413,0.55041355,0.18435566,-0.10488667,0.13735192,0.1640799,-0.07860632,0.53275967,-0.15284492,-0.24322283,0.18999498,0.2272743,-0.048764955,-0.16673024,0.05801099,0.2960151,-0.1204424,0.23935829,0.3641957,0.36733055,-0.044905853,-0.052642394,0.25613573,-0.039537627,-0.083755426,0.2556174,-0.034337517,0.024580488,0.3263427,0.03125837,-0.078509666,0.29181737,0.024132812,0.054503966,0.023848956,-0.09843648,0.13603342,0.031381827,-0.19525099,0.09291303,0.09799853,-0.05498886,0.36890617,-0.048610225,0.22458766,0.17085062,0.02744176,0.71534306,-0.15853603,-0.05381759,0.041533038,-0.03146079,-0.080786385,0.38706824,0.10319802,0.07798237,-0.014183561,0.1292225,0.19591641,0.5792206,0.12069777,-0.24410428,0.39657387,0.05890478,0.039622843,0.015145143,-0.17379856,0.13708973,0.018782504,0.31481254,-0.024686357,0.008107171,0.22284172,-0.041566744,0.34824648,0.02370426,-0.11971917,0.16876686,-0.06077957,-0.063932076,0.31803763,-0.028433284,0.2778642,-0.096907966,0.053911794,0.15632312,0.20018275,0.096968494,0.14433615,0.16994192,-0.17109914,-0.06580253,-0.15049443,-0.11994269,-0.014184316,-0.07468489,0.16344725,-0.17889734,-0.09854254,0.40423778,0.019983342,0.3016254,0.19919501,-0.06104368,0.07318308,0.33154234,-0.018136576,-0.07316388,-0.09514266,0.148578,0.056060743,0.27459636,-0.042949703,0.24862848,-0.18021931,0.41647813,0.30513173,0.16355407,-0.02230562,0.29909205,-0.060868304,0.1212408,-0.18136857,0.06510943,-0.06409401,-0.119343705,0.27483544
1000,UNL, ,1,-0.10024764,-0.044417635,0.311052,0.2149637,-0.09254806,-0.12706554,0.10056841,-0.052251376,0.48825198,-0.106713764,-0.24623072,-0.041100506,0.2295274,-0.10982012,-0.1823045,0.09587493,0.11786458,-0.040951286,0.28272763,0.36727798,0.25526577,-0.050041463,0.030110508,0.3870754,0.055988275,-0.16005291,0.3688228,-0.08384932,0.050499603,0.5153176,0.08639011,-0.032314193,0.3277607,0.107919544,0.060992487,0.14836243,-0.179652,0.2880744,0.17704925,-0.18328059,0.22850032,-0.012510589,-0.07091178,0.63257694,-0.04511292,0.079028785,0.00065254234,0.10531687,1.0202758,-0.14871268,-0.09646316,-0.01686734,-0.21403828,-0.15193897,-0.056421556,-0.060952388,0.1025455,0.1078964,0.14688535,0.05342138,0.7700336,0.15820523,-0.27332374,0.45224002,-0.1211352,-0.06623187,-0.06489069,-0.1627832,0.082315944,0.03773693,0.2161144,-0.17999256,-0.011726022,0.25443268,0.022835247,0.4026821,0.0888914,-0.11050141,0.33169314,-0.12841403,0.004258286,-0.05957685,-0.1928139,0.26906127,-0.24592303,-0.20387542,-0.034875825,0.11135442,0.17048687,0.21712326,0.21225767,-0.18845458,-0.20919248,-0.10074211,-0.19695598,0.013442785,-0.010992954,0.2797564,-0.23031995,-0.06622733,0.33861017,0.11752224,0.52946,0.25842816,-0.19513121,-0.13902578,0.44062293,-0.014151439,-0.017268367,-0.24800207,0.15207605,0.2201197,0.22417036,0.038221076,-0.07718797,-0.14882314,0.6242853,0.2723564,0.17169842,-0.03578496,0.2798933,-0.056931466,0.0033508167,-0.14261694,0.023415703,0.009044204,-0.19811481,0.27699572
1001,UNL, ,1,-0.09985426,-0.046115287,0.3142591,0.21453437,-0.09256813,-0.1263461,0.102088004,-0.052873746,0.49214923,-0.1061552,-0.24592873,-0.041399863,0.22937366,-0.10887705,-0.18265463,0.09572837,0.11528282,-0.0418245,0.28142595,0.3700802,0.25258628,-0.049296275,0.029474601,0.38484094,0.056281693,-0.15998068,0.3695939,-0.08480513,0.04900284,0.510169,0.08702859,-0.033927243,0.32785013,0.10634849,0.06368593,0.14773744,-0.17949098,0.28621638,0.17446764,-0.18408035,0.22988315,-0.013218408,-0.07064564,0.63529825,-0.045187835,0.07838701,0.0008047996,0.105163395,1.0173658,-0.14812298,-0.09720437,-0.016805965,-0.21417733,-0.15351394,-0.05791547,-0.06231653,0.103563435,0.10633239,0.14917646,0.05059691,0.7692816,0.15681422,-0.2733465,0.45683923,-0.122283176,-0.0675202,-0.06648771,-0.16380146,0.081549935,0.038067244,0.21824658,-0.17911863,-0.0097805485,0.2567335,0.023184419,0.40318534,0.08855601,-0.11129025,0.32778308,-0.12968437,0.0051285774,-0.05858388,-0.19128197,0.269503,-0.2456418,-0.20313495,-0.033383265,0.11269149,0.171792,0.220346,0.21299806,-0.18775555,-0.2095193,-0.10082299,-0.19760579,0.01553151,-0.009666743,0.28183404,-0.2310218,-0.06655379,0.33835357,0.118518695,0.5262828,0.2564538,-0.19512177,-0.13929212,0.44091696,-0.015530515,-0.017437294,-0.24783796,0.15327306,0.21981098,0.22485836,0.04097847,-0.07512478,-0.14858823,0.62172717,0.27137852,0.16985603,-0.03839349,0.28002876,-0.057716705,0.0037914217,-0.14311846,0.024070997,0.00818928,-0.19711745,0.27781224
1002,UNL, ,1,-0.15418734,-0.06490124,0.2633263,0.11202999,-0.14365502,-0.16170953,0.107241035,-0.08625561,0.32974985,0.014698218,-0.16053595,0.004585317,0.10984978,-0.1367321,-0.15129198,0.2754337,0.12045404,-0.09647592,0.108277254,0.25207564,0.31502613,-0.032412384,0.0003031244,0.2464831,0.0031263828,-0.18950844,0.292427,-0.08058604,0.25527605,0.30291995,0.051162273,-0.0736087,0.13191335,0.119686686,-0.01118733,0.013739516,-0.17413168,0.3727061,0.259464,-0.16567177,0.14482765,-0.023191413,0.0012689786,0.71607023,0.19075449,0.018779442,-0.053338196,0.28930262,0.6952739,-0.041289706,-0.071726486,0.049575374,-0.15401985,-0.16758436,-0.01149641,0.1004804,-0.027739465,-0.019473448,0.06422608,-0.007820159,0.51478463,0.26505002,-0.22168271,0.21992345,-0.049485285,-0.13607703,-0.10879016,-0.16924053,-0.004471759,-0.039199505,0.1392617,-0.16330908,0.1693734,0.10123003,0.010740464,0.36644694,0.21711077,-0.1659723,0.2139985,-0.028131515,-0.0019703743,0.031122617,0.034231443,0.2052732,-0.049412128,-0.009214456,0.06114647,0.09821668,0.35082006,0.2490385,0.15967841,-0.1215282,-0.16784304,-0.086932786,-0.016543398,0.02818338,0.003341948,0.13991417,-0.17612757,-0.08001705,0.20936055,0.027882263,0.3313333,0.31070545,-0.14301933,-0.16660972,0.36052844,0.008137047,0.006379783,-0.24833894,0.03869005,0.2286864,0.12941228,-0.061076928,-0.13583781,-0.13744101,0.36494422,0.25174278,0.1369482,-0.081636965,0.1600621,0.08661559,0.23151056,-0.10915694,0.017603775,0.11211834,-0.21310824,0.13675769
1003,FES,C,501,-0.13845262,0.32948935,0.48673284,0.021074578,-0.09160611,0.26954657,0.1400088,0.0730891,0.43416578,-0.257204,-0.2092028,0.3058828,0.14142291,-0.08868561,-0.16777612,-0.008186737,0.32805848,-0.14068082,0.06835699,0.24964994,0.18707989,-0.110790595,0.01806911,0.20473275,0.1653437,0.050978392,-0.08992237,-0.037442528,-0.14783545,-0.079790406,0.04861357,-0.2096305,0.0905942,-0.032016825,-0.07676879,0.32794115,-0.10861714,0.29848218,-0.06598074,0.04494425,0.016489714,0.044389687,-0.020148858,-0.17536356,0.056819342,0.33312416,0.26745355,0.029671984,-0.026415328,-0.17337328,0.10703108,0.42574218,0.17339736,-0.03073848,0.55045974,0.18559173,0.123605125,-0.105989605,0.05442897,0.14777489,0.096390784,0.13143824,-0.118251264,0.13720958,0.0667543,0.14452437,0.5697626,-0.21648173,0.38143465,0.031276938,0.26459646,0.27040792,0.26904142,0.3018331,-0.12037421,0.23716423,-0.1494297,0.32735834,0.07666207,0.036308378,0.019059584,0.4127701,0.11181281,0.41164017,0.43648452,0.5921998,0.58475363,0.26212174,0.08002502,-0.101130635,0.0026735328,-0.043199267,0.03438191,-0.16610865,-0.035528835,0.047996387,-0.053955924,0.012267355,0.18951768,-0.06852482,0.40933102,-0.19341393,-0.04974873,-0.07358323,0.12410239,0.23088945,-0.009520378,0.0500978,0.09700041,0.060533613,0.00081894547,0.06563732,0.17173867,-0.1735481,0.3873381,0.0826376,0.04131332,0.5553917,-0.017445777,0.043343272,0.3182074,0.12526053,0.045818068,-0.11018219,0.03256313,-0.20863308,0.031110417,0.019877858
1004,UNL, ,1,-0.114866614,0.009388626,0.5455584,0.1865264,-0.10206496,0.13296367,0.16085243,-0.07545132,0.5325268,-0.15343086,-0.24401039,0.1889923,0.23464143,-0.052730083,-0.1649477,0.057644557,0.30798498,-0.11897879,0.23520385,0.35390988,0.37579226,-0.04800293,-0.04512887,0.24608636,-0.042850748,-0.08473001,0.25489783,-0.030459767,0.020472491,0.3334982,0.03508318,-0.08626393,0.2908143,0.023984915,0.046339687,0.0243344,-0.10070086,0.14114892,0.031070352,-0.19168411,0.096892335,0.10030627,-0.058237463,0.3732989,-0.04792097,0.22586833,0.17339951,0.034208648,0.7130205,-0.15339911,-0.05772354,0.03765775,-0.02968972,-0.07449362,0.39241827,0.10879147,0.07613343,-0.017120132,0.1267776,0.20517915,0.5904959,0.1280825,-0.2437829,0.3799689,0.061098296,0.044634376,0.018528862,-0.17180987,0.14276387,0.019917373,0.31456664,-0.030063024,0.001138409,0.21959472,-0.04299894,0.34273314,0.02109865,-0.118723966,0.17068525,-0.05913465,-0.06794309,0.31376207,-0.03877458,0.2757343,-0.099505626,0.050157785,0.1459778,0.19734268,0.09791117,0.14525707,0.16543698,-0.17254765,-0.06199306,-0.14778316,-0.118499726,-0.020386687,-0.07281369,0.16668324,-0.1765907,-0.09735463,0.4014089,0.023319656,0.2990516,0.20382756,-0.06228907,0.074829005,0.32807535,-0.019146444,-0.07238833,-0.09667415,0.14890714,0.061146487,0.27511728,-0.04643768,0.23469625,-0.18233514,0.4249934,0.30094087,0.17280567,-0.02076657,0.29971898,-0.056140076,0.120841645,-0.17804556,0.06995814,-0.05398627,-0.12321342,0.27037376
1005,UNL, ,1,-0.10447524,0.1315246,0.44621158,0.08286594,-0.13927576,0.045169316,0.117531046,-0.1040826,0.38394025,-0.005899942,-0.15975688,0.41187644,0.0859548,-0.09614061,-0.16452111,0.24124911,0.35921767,-0.1497573,0.051038302,0.21841475,0.28501555,-0.030803746,-0.01349014,0.2751438,-0.049917463,-0.13994107,0.14874251,-0.027673393,0.1644712,0.1579907,-0.033185333,-0.11103878,0.14367568,0.06704359,0.013054723,-0.036755458,-0.054213762,0.21434426,0.10800706,-0.16382796,0.007894036,0.039094098,-0.007517499,0.37318859,0.17215447,0.1850211,0.011438164,0.09901921,0.49480414,0.24949431,-0.0011220195,0.0010562718,-0.055960048,-0.10111193,0.32354125,0.1306129,-0.03227179,-0.100680016,0.08915448,0.04613316,0.38636327,0.1419172,-0.18447238,0.21057424,0.078946635,-0.06545503,0.0071496693,-0.19275863,0.049136944,-0.039092474,0.14634573,-0.037981994,0.13557734,0.05758307,0.10319103,0.2737925,0.10231759,-0.10492842,0.12616214,0.0029518097,0.0461502,0.18317163,0.109336354,0.13449946,0.07920597,0.1692863,0.29089633,0.1484618,0.2479672,0.21950552,0.11234144,0.026285077,-0.056106173,-0.07304622,0.09796343,0.04813536,-0.08628064,0.059045423,-0.14608762,-0.059973158,0.18359661,0.0006815374,0.21336648,0.44259596,-0.05574464,-0.04439058,0.20140028,-0.0016510993,-0.020457227,-0.10612397,0.023120154,0.03424602,0.12660564,-0.13133743,0.05128225,-0.17801616,0.4191033,0.20486847,0.09273916,-0.08340753,0.10881821,0.01876381,0.18914843,-0.093132764,0.17279638,-0.02116912,-0.11557076,0.11305513
1006,HEM,A,501,-0.19999,-0.03709397,0.7326728,0.28737023,-0.10360753,0.14863743,0.22376311,-0.029762749,0.39238998,-0.16696012,-0.23200476,0.25796264,0.29342005,0.006699963,-0.13876466,-0.0056948033,0.32074612,-0.13933979,0.11653134,0.38354266,0.38973972,-0.087775305,-0.12676725,0.2545624,-0.1357981,-0.046429224,0.21700828,-0.063298866,0.08247032,0.526347,-0.03517115,-0.042148523,0.19351214,-0.021256853,-0.0031579304,-0.14170016,-0.06276632,-0.002371535,-0.10604595,-0.17664114,-0.014473547,0.1680279,-0.078543976,0.1296386,0.03357544,0.23581636,0.18853264,0.06637416,0.5127015,-0.09720022,-0.021275064,0.09883417,0.05869537,-0.05647748,0.56443214,0.26119673,0.11421835,0.013865037,0.19285823,0.19537275,0.42288935,0.049868386,-0.22927509,0.27066848,0.22252077,0.13191178,0.04665777,-0.21078178,0.23334764,0.022269798,0.4170961,-0.019827131,-0.06327172,0.08585179,-0.13547108,0.38259894,0.16559462,-0.12477493,0.07811538,0.052493215,-0.118988834,0.4578963,0.00604849,0.20182832,-0.020982722,0.16500662,0.27308837,0.30094498,0.16477768,0.21279928,0.13014524,-0.17012264,-0.0315875,-0.2006931,-0.05099105,0.040546477,-0.085150786,0.19697572,-0.17461368,-0.17048416,0.3682945,0.022192327,0.1739992,0.23697989,0.039564967,0.08133142,0.45104155,0.040116552,-0.0050761863,-0.028415728,0.021242324,0.11614533,0.30102202,-0.15048592,0.22103971,-0.22644477,0.09154396,0.35916847,0.24833024,-0.036574695,0.26614347,-0.08945837,0.23521015,-0.1696671,0.12236359,-0.0061645736,-0.10776922,0.43331417
1007,UNL, ,1,0.202778,0.0903059,-0.09145727,-0.034004465,-0.0037020138,0.06225806,-0.105050705,-0.14229898,0.6137272,-0.05847139,-0.20308517,0.0063482774,0.078494295,-0.21675692,-0.20814812,0.23015577,0.335335,0.019107182,0.48899287,0.17460008,0.31181377,0.037151597,0.18121904,0.3726791,0.16383414,-0.2262618,0.3105478,0.11425435,-0.058848444,-0.0920899,0.17603184,-0.14166926,0.58420724,0.14913611,0.119810425,0.52531266,-0.22455427,0.3786404,0.589025,-0.1988646,0.49955404,-0.009669371,0.0034670983,1.0919073,-0.20661016,0.23721743,0.032280624,0.0638774,1.233119,-0.2599073,-0.11736248,-0.17992963,-0.22934051,-0.122637615,-0.13138375,-0.14992994,-0.14877898,-0.06448752,0.04804956,0.12797365,0.801809,0.4004092,-0.25815225,0.55536014,-0.25574422,-0.20811196,-0.046575654,-0.12997212,-0.12644342,-0.056352276,-0.003585118,-0.07787412,0.120219804,0.2856693,0.17040294,0.12664674,-0.26974666,-0.15890124,0.54666626,-0.20970197,-0.014998827,-0.13415013,-0.2051628,0.40896562,-0.2611467,-0.2292225,-0.2516518,-0.19731402,0.015858084,-0.087052315,0.14286971,-0.15990946,-0.11814691,0.0357385,-0.2132705,-0.21936584,0.003410986,-0.013270768,-0.2275254,0.10405377,0.36060026,0.08651195,0.5850295,0.2522146,-0.24961913,-0.026531318,-0.065999426,-0.13491108,-0.21387011,-0.2756441,0.47019267,0.03391964,0.06078676,0.263529,0.061826017,0.019256132,1.1206411,0.11268356,-0.029841205,0.039681453,0.34018692,0.2255904,-0.1294327,-0.09570384,-0.12370964,-0.09642176,-0.21311523,-0.1607978
1008,UNL, ,1,0.202778,0.0903059,-0.09145727,-0.034004465,-0.0037020138,0.06225806,-0.105050705,-0.14229898,0.6137272,-0.05847139,-0.20308517,0.0063482774,0.078494295,-0.21675692,-0.20814812,0.23015577,0.335335,0.019107182,0.48899287,0.17460008,0.31181377,0.037151597,0.18121904,0.3726791,0.16383414,-0.2262618,0.3105478,0.11425435,-0.058848444,-0.0920899,0.17603184,-0.14166926,0.58420724,0.14913611,0.119810425,0.52531266,-0.22455427,0.3786404,0.589025,-0.1988646,0.49955404,-0.009669371,0.0034670983,1.0919073,-0.20661016,0.23721743,0.032280624,0.0638774,1.233119,-0.2599073,-0.11736248,-0.17992963,-0.22934051,-0.122637615,-0.13138375,-0.14992994,-0.14877898,-0.06448752,0.04804956,0.12797365,0.801809,0.4004092,-0.25815225,0.55536014,-0.25574422,-0.20811196,-0.046575654,-0.12997212,-0.12644342,-0.056352276,-0.003585118,-0.07787412,0.120219804,0.2856693,0.17040294,0.12664674,-0.26974666,-0.15890124,0.54666626,-0.20970197,-0.014998827,-0.13415013,-0.2051628,0.40896562,-0.2611467,-0.2292225,-0.2516518,-0.19731402,0.015858084,-0.087052315,0.14286971,-0.15990946,-0.11814691,0.0357385,-0.2132705,-0.21936584,0.003410986,-0.013270768,-0.2275254,0.10405377,0.36060026,0.08651195,0.5850295,0.2522146,-0.24961913,-0.026531318,-0.065999426,-0.13491108,-0.21387011,-0.2756441,0.47019267,0.03391964,0.06078676,0.263529,0.061826017,0.019256132,1.1206411,0.11268356,-0.029841205,0.039681453,0.34018692,0.2255904,-0.1294327,-0.09570384,-0.12370964,-0.09642176,-0.21311523,-0.1607978
1009,UNL, ,1,-0.06407963,0.19077413,0.51555884,0.12400253,-0.11316014,0.116136834,0.11802147,-0.09389214,0.47425723,-0.073027,-0.20182781,0.4932738,0.1352748,-0.06864275,-0.18420905,0.14390741,0.41127464,-0.13374081,0.12818071,0.27183154,0.2537312,-0.04153785,-0.0023926683,0.3632192,-0.035576228,-0.111203246,0.14869396,-0.017990347,0.044570252,0.22219403,-0.038487047,-0.09716366,0.24389067,0.048032515,0.055660624,0.018850166,-0.026983108,0.13405147,0.03134352,-0.17092216,0.011450421,0.058393084,-0.041718017,0.2390792,0.05260337,0.25678694,0.05679132,-0.03788173,0.61071634,0.2647213,0.007337383,-0.04112879,-0.062465638,-0.075960144,0.38353884,0.058336325,0.036166266,-0.058586784,0.13358721,0.0862812,0.47851062,0.058291588,-0.20186117,0.33497775,0.0751023,-0.015634902,0.059316996,-0.19464651,0.107366964,0.0005011698,0.18373933,-0.019173265,0.03162982,0.12352811,0.13254735,0.2724766,0.015872488,-0.064267196,0.16581477,-0.038206834,0.062250514,0.17676982,0.009857602,0.14767292,0.01190111,0.104288965,0.2948094,0.16844434,0.12875439,0.18981412,0.12939617,0.024242058,-0.04543382,-0.07909373,0.03900877,0.041169114,-0.11642747,0.10805917,-0.16529776,-0.047612518,0.24471435,0.039324086,0.28567082,0.44199434,-0.05841695,0.0018181056,0.20708461,-0.015475191,-0.039646205,-0.07072234,0.06988364,-0.017333675,0.1762326,-0.098365195,0.12811494,-0.19270352,0.5609841,0.20469269,0.097167715,-0.058904815,0.15643252,-0.0685374,0.067894764,-0.10547914,0.21258643,-0.10585396,-0.08262161,0.17477536
101,UNL, ,1,-0.11356264,0.0043567396,0.55021256,0.1844574,-0.10480753,0.13700335,0.16396163,-0.07851567,0.5329253,-0.15287201,-0.24323778,0.18985343,0.22741409,-0.048898656,-0.16668649,0.057970375,0.29632822,-0.12036874,0.2392414,0.3638865,0.36751997,-0.04497218,-0.052396383,0.25613078,-0.039602872,-0.0837929,0.255554,-0.034299854,0.024601782,0.32685205,0.031387508,-0.07841517,0.29178867,0.024164373,0.054295927,0.023836548,-0.09849625,0.13618757,0.031447757,-0.19514738,0.09298712,0.09806097,-0.055141438,0.3689827,-0.048581164,0.22465001,0.17096926,0.027583996,0.7154174,-0.15857235,-0.053914633,0.041440386,-0.03129202,-0.08067772,0.38712025,0.10335561,0.07788686,-0.01405171,0.12908636,0.19608106,0.57951003,0.12097713,-0.24408044,0.3960664,0.05894887,0.039796617,0.015210007,-0.17378406,0.13725342,0.018784292,0.31479958,-0.024599284,0.008097705,0.22282685,-0.041608986,0.34809974,0.023720795,-0.1196811,0.1689478,-0.06068326,-0.06405147,0.31797388,-0.028514763,0.27778733,-0.09701413,0.054138403,0.15603219,0.20004833,0.096951425,0.14414984,0.16982333,-0.17109913,-0.065967076,-0.15038578,-0.11995596,-0.014439519,-0.07472073,0.16333313,-0.17895843,-0.09853313,0.4041209,0.019975284,0.30175477,0.19936286,-0.061092,0.073161475,0.33148998,-0.018082222,-0.07312416,-0.09513778,0.14891176,0.05611806,0.2746,-0.043042514,0.24865468,-0.18027897,0.41670144,0.30505764,0.16379564,-0.022288354,0.29910567,-0.060766306,0.12122595,-0.18129654,0.0652178,-0.06392488,-0.11941916,0.2747274
1010,FAD,A,601,-0.1639821,0.015360097,0.6071509,0.18860091,-0.115665376,0.14384829,0.17348072,-0.06379348,0.4214176,-0.119802676,-0.2128988,0.26278207,0.20999801,-0.04364324,-0.15047137,0.09660889,0.35710916,-0.14703177,0.12150003,0.31344777,0.39580145,-0.04963931,-0.08370272,0.21355131,-0.10006421,-0.082118854,0.20561698,-0.031972725,0.08937876,0.32890955,-0.0077472245,-0.08642741,0.19948469,0.013089235,0.008851967,-0.072741024,-0.080363005,0.106997184,0.0110629825,-0.18013927,0.028345227,0.13286035,-0.04570827,0.2764309,0.052948985,0.21766818,0.14772642,0.07978536,0.5303445,-0.07167675,-0.024450643,0.06369443,0.03320607,-0.067191444,0.49185416,0.21644054,0.03781048,-0.04763035,0.14595808,0.18676706,0.45183665,0.13215773,-0.21866262,0.26183563,0.16030718,0.053474143,0.023590244,-0.18633282,0.14758144,-0.0116273,0.33473104,-0.014935171,0.025837842,0.1248278,-0.061813485,0.3341226,0.09644218,-0.13206622,0.105324045,0.023572525,-0.08443603,0.38648838,0.03683057,0.21919952,-0.004309993,0.17740901,0.23637727,0.22071171,0.17726777,0.16817299,0.11669452,-0.13433209,-0.024516247,-0.15585326,-0.026167635,0.0073834714,-0.08573382,0.12555371,-0.16276455,-0.12021193,0.3318557,-0.011055852,0.1958069,0.26684737,0.0029954854,0.067431845,0.31600812,0.008763508,-0.037178345,-0.058940932,0.0785115,0.07208982,0.24504194,-0.12296341,0.21046102,-0.20248431,0.24580185,0.31885725,0.1864781,-0.040406905,0.25175634,-0.02857773,0.20933285,-0.16194499,0.100792825,-0.019555215,-0.12088045,0.2910312
1011,HEM,A,601,-0.19976597,-0.0366463,0.73208004,0.2879489,-0.10372037,0.14888108,0.22337261,-0.029936774,0.3912655,-0.16704342,-0.23209801,0.2582835,0.29230687,0.0067981994,-0.1387436,-0.005872354,0.32069716,-0.13937132,0.11678552,0.3832924,0.39050707,-0.08747773,-0.12683953,0.25483736,-0.13561222,-0.04686522,0.21683232,-0.06312021,0.08277296,0.5268248,-0.035279367,-0.041732527,0.19337882,-0.021203663,-0.003323382,-0.14189233,-0.06271948,-0.002523205,-0.10588694,-0.17661756,-0.015254249,0.16798493,-0.07850057,0.12936634,0.033996366,0.23649305,0.18917613,0.06682311,0.5127094,-0.097346306,-0.02073721,0.09829686,0.0584179,-0.05640964,0.5649562,0.260918,0.113547616,0.014175001,0.19272424,0.19583103,0.42160207,0.050616264,-0.22924142,0.27098784,0.2233918,0.13230786,0.046257906,-0.21087883,0.23304163,0.022045778,0.41686082,-0.019880958,-0.06329177,0.08471719,-0.13534823,0.38232532,0.1659112,-0.12492891,0.078351654,0.052239887,-0.11872446,0.4573499,0.005724933,0.20241322,-0.021180548,0.1642894,0.27312374,0.30034962,0.16435637,0.21287479,0.13005537,-0.1703619,-0.031223925,-0.20071247,-0.050863657,0.040176433,-0.08494883,0.19596505,-0.17427932,-0.17033733,0.36848384,0.021572497,0.17488396,0.2364226,0.03941571,0.08163089,0.45160958,0.040420394,-0.0048969625,-0.028528553,0.020903913,0.11561245,0.30077833,-0.15033537,0.22011822,-0.22653024,0.09163141,0.35986876,0.24798615,-0.03560433,0.2659996,-0.08902998,0.23539536,-0.16960268,0.12231286,-0.006483983,-0.10790787,0.43371022
1012,UNL, ,1,-0.15319844,0.07844706,0.55723107,0.11273025,-0.11519589,0.1912469,0.1483741,-0.05154906,0.44564992,-0.13987556,-0.20850623,0.24870786,0.17293675,-0.06526606,-0.15696254,0.10317446,0.35920873,-0.15393996,0.12908189,0.28695196,0.36283955,-0.042119958,-0.060317934,0.18144605,-0.03638228,-0.06248666,0.14679581,-0.020499948,0.0345731,0.15409401,0.016884005,-0.13020924,0.18682149,0.008898027,0.008870995,0.031865187,-0.10070354,0.18367025,0.031776883,-0.14442463,0.052476346,0.111380205,-0.024704505,0.25022954,0.047201775,0.23827903,0.17157368,0.06806067,0.42936596,-0.12919226,0.0022644547,0.1398476,0.06342939,-0.0635744,0.4976986,0.19964576,0.028325623,-0.08911137,0.1202573,0.19085073,0.394015,0.15527871,-0.1997954,0.24682549,0.11690688,0.046132468,0.1221408,-0.18008313,0.16363476,-0.015121356,0.31031513,0.047760446,0.10995214,0.19249488,-0.06462266,0.31057227,0.0092102755,-0.05231235,0.10138047,0.0128968805,-0.0671042,0.40100807,0.069724835,0.2784764,0.08918894,0.27366742,0.2891338,0.20703125,0.14809923,0.0900072,0.088609025,-0.121511325,-0.0017379537,-0.15072994,-0.034665853,-0.0015432164,-0.07930436,0.07986696,-0.09124258,-0.09543875,0.36187002,-0.06517051,0.14143716,0.16938826,0.024320211,0.1112715,0.19878985,0.00066842104,-0.02747051,-0.039070122,0.09724224,0.04892482,0.2213368,-0.11607236,0.2773133,-0.13608494,0.23990718,0.37395722,0.12051632,-0.01965693,0.28083497,0.024895092,0.17501368,-0.16217962,0.062082447,-0.06943848,-0.09315977,0.18292627
1013,UNL, ,1,-0.1145004,0.005325685,0.54820186,0.18560831,-0.103163086,0.13239068,0.16304457,-0.076702066,0.53447706,-0.15347259,-0.2436735,0.18746753,0.2322012,-0.051246077,-0.16551818,0.057506878,0.3024018,-0.11876729,0.2370574,0.35729265,0.37184468,-0.046771858,-0.048640776,0.25302297,-0.04101188,-0.08462072,0.255251,-0.03283776,0.022906447,0.33391944,0.033209626,-0.08048903,0.29114994,0.024878675,0.049648847,0.024288347,-0.099713914,0.13936676,0.034322143,-0.19308512,0.09405125,0.09931075,-0.057540298,0.36919323,-0.04821998,0.22566848,0.17314631,0.031239286,0.71590275,-0.15557924,-0.056968626,0.039035622,-0.028355578,-0.07838971,0.38806605,0.10627812,0.07631304,-0.01326849,0.12763341,0.20027864,0.5858843,0.12523542,-0.24377377,0.38578188,0.057282794,0.0421364,0.016493924,-0.1725629,0.1405652,0.019108424,0.31525347,-0.024416348,0.005663456,0.22120889,-0.042464927,0.34496924,0.022682019,-0.11926252,0.17267601,-0.06027935,-0.06651176,0.3168024,-0.030958822,0.276155,-0.09892985,0.05675611,0.14919187,0.19889635,0.096792914,0.14361295,0.16760965,-0.17142384,-0.067188166,-0.14928561,-0.12031869,-0.018613106,-0.07455889,0.16365315,-0.17939635,-0.09792631,0.40218246,0.02119264,0.30379084,0.20240156,-0.06280678,0.07319915,0.32941112,-0.018187977,-0.07262402,-0.09488181,0.15087824,0.05833586,0.27515516,-0.046073418,0.24583282,-0.18143082,0.42149976,0.3027319,0.16924083,-0.02176792,0.29947373,-0.05905925,0.12087077,-0.17962241,0.068643,-0.058634777,-0.120609455,0.27248964
1014,UNL, ,1,-0.11435932,0.0052760965,0.54855543,0.185405,-0.103369854,0.13289021,0.1632518,-0.07693115,0.5341887,-0.15341201,-0.24363403,0.1877113,0.23172824,-0.050958205,-0.16562831,0.057584446,0.30169076,-0.11896018,0.2373906,0.3580219,0.37136853,-0.046593707,-0.049266625,0.25345233,-0.040790666,-0.08454397,0.25531647,-0.032969717,0.023059396,0.33291528,0.032894265,-0.080316775,0.29122883,0.024846757,0.050177526,0.024307093,-0.09958262,0.13893503,0.03420661,-0.19335295,0.09377911,0.09917908,-0.057217907,0.3689145,-0.048289195,0.22555031,0.17290425,0.030772699,0.7159055,-0.15573186,-0.056664754,0.03929213,-0.028599074,-0.07865811,0.38791546,0.105931856,0.07651865,-0.013356517,0.1278639,0.19982783,0.5850666,0.12461972,-0.24380493,0.3870263,0.057251975,0.041803915,0.016357327,-0.17264183,0.14015758,0.019059766,0.3152245,-0.024436682,0.005837953,0.22129752,-0.04235689,0.3453848,0.022749476,-0.119329296,0.17233783,-0.06041431,-0.066179864,0.31696454,-0.030706555,0.27635136,-0.0987649,0.056537796,0.14984755,0.19912815,0.09677536,0.14380297,0.16790093,-0.17139052,-0.067042604,-0.14954822,-0.12031097,-0.018055819,-0.074573524,0.16368599,-0.1793467,-0.09797754,0.40244117,0.021065673,0.30368176,0.20200263,-0.062700994,0.07320034,0.32963088,-0.018202169,-0.07271392,-0.094871365,0.15038437,0.058031816,0.27510783,-0.045822967,0.24602556,-0.18125659,0.42087522,0.30301404,0.16861975,-0.021783508,0.2994378,-0.059299808,0.120905876,-0.17986228,0.06830717,-0.059275758,-0.12044501,0.2727757
1015,UNL, ,1,-0.11453265,0.00871593,0.54671043,0.18606819,-0.10253807,0.13441561,0.16145237,-0.07598696,0.53238535,-0.15333231,-0.24387081,0.18942718,0.23341306,-0.051935595,-0.1652511,0.05779988,0.30568475,-0.11920565,0.2359579,0.35575143,0.37413612,-0.04744078,-0.046582192,0.24752676,-0.042358074,-0.08458368,0.25500157,-0.03108179,0.020992756,0.3319212,0.034357358,-0.08541039,0.2909998,0.02399143,0.047762174,0.024348965,-0.10033528,0.14023514,0.031302463,-0.19228882,0.096090354,0.09985894,-0.057469036,0.37243223,-0.048061937,0.22559498,0.17288746,0.033100817,0.71332717,-0.15395029,-0.05714612,0.03827852,-0.030235887,-0.07559484,0.39139828,0.10759153,0.07653419,-0.01684402,0.12730663,0.20338959,0.58850443,0.12655352,-0.24387677,0.38301334,0.060512085,0.043623734,0.017909462,-0.17212696,0.14171334,0.019796578,0.3147788,-0.029355684,0.0020872962,0.22003563,-0.042779386,0.34374866,0.021352455,-0.118897505,0.17033337,-0.059620287,-0.06723335,0.31462422,-0.03693233,0.27623886,-0.09888723,0.050456572,0.14787154,0.19801562,0.09782323,0.14539702,0.16611125,-0.17232186,-0.06228083,-0.14837748,-0.118712224,-0.019269265,-0.07303536,0.16639358,-0.17689867,-0.09752252,0.4019878,0.022851015,0.2993184,0.20290811,-0.062027663,0.07461512,0.32858142,-0.019119848,-0.072548755,-0.096405365,0.1482517,0.060437143,0.27511662,-0.0459801,0.23703499,-0.18192683,0.42356968,0.30156255,0.1712405,-0.02105619,0.2996309,-0.056892443,0.12097335,-0.17857729,0.06918161,-0.05553479,-0.12245652,0.27109
1016,UNL, ,1,-0.11450175,0.005869165,0.547419,0.1859919,-0.10310811,0.1342237,0.1616738,-0.076667175,0.5343353,-0.1531824,-0.24358363,0.18893777,0.2309136,-0.05119336,-0.1657603,0.057606295,0.30264035,-0.11932314,0.23661073,0.35827747,0.37148008,-0.046448592,-0.047824595,0.25173673,-0.041604232,-0.084374726,0.25472605,-0.032685757,0.022845784,0.33304867,0.033978086,-0.08114187,0.2911453,0.024063468,0.05003013,0.023951089,-0.099801384,0.1392041,0.03134389,-0.19304372,0.09534947,0.09915155,-0.05718371,0.37196648,-0.0481504,0.22521436,0.17276718,0.031179314,0.7146687,-0.1570342,-0.056115318,0.03928477,-0.029969692,-0.077768944,0.38926873,0.10616913,0.07670119,-0.014579807,0.12711915,0.19999135,0.58564043,0.12551259,-0.24387963,0.38709807,0.060465645,0.042896688,0.016653808,-0.17329462,0.14054398,0.019300213,0.31497452,-0.02634433,0.0053555816,0.22159296,-0.042444427,0.3449317,0.022803694,-0.11891886,0.17013086,-0.059452202,-0.066517,0.31596115,-0.03264307,0.27676603,-0.09835347,0.053699356,0.15055747,0.19812363,0.09745607,0.14319961,0.16698648,-0.17160185,-0.06517261,-0.14840837,-0.11942607,-0.018646607,-0.074022405,0.16416407,-0.17864467,-0.09806838,0.4023153,0.021277884,0.3008294,0.20189969,-0.061561275,0.0736125,0.32972425,-0.018241027,-0.0725333,-0.09584878,0.15153182,0.058631342,0.27504876,-0.044735294,0.24426126,-0.18152493,0.42171133,0.30254075,0.16893972,-0.022024922,0.29953107,-0.057997108,0.121146835,-0.17944248,0.0677588,-0.05853944,-0.12130646,0.27222362
1017,UNK,A,1,-0.21637015,-0.069869615,0.6054592,0.18627961,-0.1482779,0.03898676,0.22592779,-0.076728344,0.32412052,-0.045653716,-0.16305578,0.21948843,0.20092022,-0.041223187,-0.111051776,0.16021356,0.2544757,-0.16067035,0.010688121,0.28672034,0.39800486,-0.07499962,-0.11039273,0.14594872,-0.12809552,-0.091774225,0.18891911,-0.06942026,0.2576631,0.3341229,-0.03273286,-0.08207461,0.044864908,0.006979888,-0.051530186,-0.20523633,-0.07652842,0.13246746,0.01388223,-0.16085856,-0.038781073,0.094491065,-0.022690644,0.3272523,0.22066228,0.15575652,0.13094598,0.24292165,0.34374693,0.0029596786,-0.0346517,0.14355035,0.03634016,-0.1008125,0.44607422,0.31070924,0.03540636,-0.082405776,0.08736563,0.103614174,0.27898204,0.1561538,-0.19262516,0.114067234,0.1690268,0.031315763,-0.028967569,-0.20794588,0.13035047,-0.021969149,0.28537446,-0.03031967,0.11116373,-0.0045350343,-0.11283744,0.3572754,0.2617396,-0.16277362,-0.0029788215,0.076687895,-0.093348525,0.42477965,0.16907673,0.16909276,0.09468704,0.24805008,0.3038009,0.27309448,0.31170046,0.27664152,0.1269881,-0.11375531,-0.052448902,-0.16879159,0.06446347,0.06426316,-0.041048795,0.11606225,-0.13334113,-0.16738634,0.26240072,-0.019910758,0.07327082,0.2535534,0.011469245,0.013470153,0.404664,0.04372381,0.003927201,-0.08637258,-0.059128616,0.13329072,0.21972883,-0.18803227,0.112603866,-0.19398196,-0.02565969,0.30522195,0.2069813,-0.086342864,0.15662682,0.034765292,0.4020237,-0.13517599,0.10625539,0.09803244,-0.12829751,0.26757538
1018,HEC,A,609,-0.19982179,-0.036637932,0.7322607,0.28747678,-0.10392731,0.14963771,0.22345442,-0.030007081,0.391167,-0.1670944,-0.23208274,0.2584251,0.29242143,0.0069364063,-0.13903306,-0.00585241,0.32087037,-0.13944566,0.11646371,0.3838042,0.38960934,-0.08758959,-0.12677537,0.2543977,-0.1357953,-0.046755068,0.21755306,-0.06323585,0.08271199,0.52654856,-0.035613474,-0.041632123,0.19335507,-0.021163989,-0.002903929,-0.14164811,-0.06273182,-0.002651141,-0.10610381,-0.17664135,-0.015282425,0.1680827,-0.07875386,0.12957624,0.03369706,0.23630495,0.18864666,0.06645152,0.51295096,-0.09741385,-0.020425629,0.098686494,0.05823367,-0.056641586,0.5649733,0.261055,0.11359731,0.014285388,0.19320048,0.19553593,0.42153582,0.05055152,-0.22925775,0.27148232,0.22336009,0.13184798,0.046317343,-0.21096501,0.23283306,0.02202349,0.41670454,-0.01973877,-0.063312225,0.08476898,-0.13522829,0.38229156,0.16596702,-0.12481738,0.0782457,0.052380007,-0.11871787,0.4571683,0.0058000446,0.2020183,-0.020855594,0.16467601,0.27415863,0.30075788,0.1642375,0.21274166,0.13021456,-0.17021939,-0.031588122,-0.2006158,-0.051075727,0.040561467,-0.08501876,0.19594812,-0.1744423,-0.17041291,0.3692235,0.02137607,0.17459953,0.23690286,0.04019381,0.08140516,0.45144168,0.040336873,-0.0051158224,-0.028361702,0.02085646,0.11563539,0.30046275,-0.15031505,0.22186624,-0.22664827,0.091780715,0.36026904,0.24766652,-0.035825454,0.26566595,-0.089283764,0.23513766,-0.16951141,0.12192556,-0.006933147,-0.107598126,0.43358898
1018,HEC,A,610,-0.19962242,-0.0371838,0.7334639,0.2878063,-0.103839114,0.14838402,0.22384366,-0.02951168,0.39176908,-0.16709504,-0.23210473,0.25741327,0.29250973,0.006533558,-0.13884783,-0.006316044,0.32113945,-0.13984539,0.11610815,0.3842936,0.38999707,-0.08732258,-0.12687284,0.25334537,-0.13590735,-0.0473235,0.21789576,-0.06334125,0.0826687,0.52501786,-0.03503067,-0.04210987,0.19395517,-0.020639293,-0.0030457592,-0.14193624,-0.06284815,-0.0025478634,-0.106366366,-0.17677912,-0.015695821,0.16751093,-0.078704216,0.12965806,0.034327436,0.23676969,0.18965894,0.06680664,0.5117138,-0.09729541,-0.020928465,0.098512195,0.058594324,-0.05723185,0.56368744,0.26052454,0.113241576,0.01414653,0.19218376,0.19623385,0.4208142,0.051072802,-0.22917706,0.27188042,0.22267564,0.1319269,0.045698892,-0.21110258,0.23377994,0.021927448,0.4179331,-0.019086422,-0.06294508,0.08438279,-0.1346307,0.38198248,0.16642861,-0.12512033,0.077077255,0.05148741,-0.11876978,0.45733976,0.006123569,0.20303372,-0.020987293,0.1653031,0.27416128,0.30223104,0.16475779,0.21278635,0.13081145,-0.1698264,-0.03208242,-0.20041579,-0.051225126,0.040719308,-0.0845229,0.19598097,-0.17465672,-0.1704128,0.36929893,0.021260122,0.17412551,0.23576684,0.038648143,0.081105955,0.45230144,0.039831053,-0.0051757474,-0.02819349,0.021887029,0.11527412,0.3015619,-0.15019971,0.22111757,-0.22675712,0.0925289,0.35955906,0.24786012,-0.036384393,0.265371,-0.08908066,0.23638326,-0.16940641,0.12310099,-0.0068174386,-0.10750701,0.432665
1018,HEC,A,611,-0.19982138,-0.037264474,0.7328376,0.28755286,-0.10388163,0.14853525,0.22416449,-0.029617582,0.3924143,-0.16719648,-0.23201647,0.25775898,0.29327297,0.007126637,-0.13875416,-0.006364334,0.3211383,-0.1395902,0.11587655,0.38367498,0.38975975,-0.08749893,-0.12650038,0.2529237,-0.13589826,-0.047341328,0.21817015,-0.063549355,0.082288794,0.52617985,-0.035068754,-0.042511307,0.1934251,-0.021014793,-0.0028427283,-0.14166301,-0.062527895,-0.0025435148,-0.10636804,-0.17660823,-0.014870619,0.16792448,-0.07874831,0.13011333,0.03386488,0.23639949,0.1893924,0.06694057,0.511644,-0.096771054,-0.021334775,0.09776598,0.058989853,-0.057206154,0.56406564,0.26088914,0.11310909,0.013949173,0.1932507,0.19603395,0.42201003,0.051024593,-0.22925416,0.2711803,0.22298601,0.13209695,0.045743633,-0.21109478,0.23358834,0.022244215,0.41752625,-0.01951768,-0.06297639,0.08465864,-0.13493934,0.38171208,0.16608317,-0.12508138,0.07772584,0.051622152,-0.118908376,0.4574587,0.00619207,0.20249064,-0.02116355,0.16477516,0.27310127,0.30138946,0.16438287,0.21334335,0.13055426,-0.16991149,-0.032046594,-0.20047538,-0.051237945,0.040324003,-0.084621295,0.19627191,-0.17476717,-0.17039755,0.3693999,0.021742893,0.17411183,0.23642185,0.038874358,0.081151724,0.45142546,0.039893243,-0.005146951,-0.028183218,0.022066623,0.11576847,0.3011679,-0.1498803,0.22147025,-0.22663747,0.09224403,0.35882902,0.2479727,-0.03662453,0.26539642,-0.089572325,0.23557496,-0.16928165,0.12326046,-0.0065007927,-0.107616045,0.43268663
1018,HEC,A,613,-0.1998992,-0.036997516,0.7325665,0.28738567,-0.103952885,0.14863028,0.2237526,-0.029919788,0.3917678,-0.16704701,-0.23204315,0.2579227,0.29296505,0.0069189887,-0.13882826,-0.00609984,0.32119825,-0.13952945,0.116290025,0.3835032,0.38976586,-0.08764247,-0.12684362,0.25422084,-0.13567257,-0.04700313,0.21770224,-0.063349605,0.082550675,0.52616084,-0.035342496,-0.04188788,0.19322252,-0.021233076,-0.0027615495,-0.14164321,-0.06262347,-0.0025757959,-0.10619917,-0.17664686,-0.015002229,0.16807668,-0.078755006,0.12970172,0.033747092,0.2363111,0.18902723,0.06659267,0.51239055,-0.097073615,-0.02091566,0.09834162,0.058859028,-0.056811307,0.564611,0.26106206,0.11338563,0.01412359,0.19340256,0.19582152,0.42187086,0.050639365,-0.22922085,0.27130508,0.22313368,0.13208598,0.046033915,-0.21096212,0.23311432,0.0222242,0.4170238,-0.019566558,-0.06317884,0.08480686,-0.13515912,0.38221171,0.16604692,-0.124943316,0.07793917,0.052108467,-0.118714094,0.45724916,0.005839142,0.20237438,-0.021194778,0.16493136,0.273347,0.30099633,0.16421443,0.21303065,0.1303835,-0.17001826,-0.03187247,-0.20060627,-0.051180214,0.04057109,-0.08487442,0.19621944,-0.17466646,-0.17036434,0.36926004,0.021499474,0.17452078,0.23645249,0.03939675,0.08127712,0.45131773,0.04010349,-0.0051268945,-0.02829798,0.021466661,0.11552653,0.30076137,-0.15011986,0.2214547,-0.22652176,0.09175042,0.35951984,0.24793206,-0.03621234,0.26551205,-0.089396805,0.23531984,-0.16953962,0.12261836,-0.006866321,-0.10765994,0.43296787
1018,HEC,A,614,-0.19991946,-0.03737571,0.7329941,0.28739515,-0.10385916,0.14794397,0.2239616,-0.029557858,0.39261305,-0.16705509,-0.23203544,0.25752172,0.29355776,0.006854566,-0.13871403,-0.0063170106,0.32153732,-0.13961254,0.116185516,0.3836381,0.38991335,-0.08765223,-0.12657063,0.2537752,-0.13587947,-0.047136966,0.21769272,-0.06348161,0.082391776,0.5257332,-0.034944784,-0.042260878,0.19345623,-0.020871265,-0.0029942503,-0.1416448,-0.06262913,-0.0023574356,-0.10630269,-0.17663938,-0.0148079265,0.16806437,-0.07879452,0.12990014,0.033924505,0.23634124,0.18936408,0.06663428,0.51201767,-0.096958905,-0.02148933,0.098194525,0.059338477,-0.056995966,0.5640779,0.26107794,0.11345849,0.014009313,0.19298346,0.19609518,0.42242387,0.05071013,-0.22925235,0.27109236,0.22285749,0.1321438,0.04588909,-0.21096234,0.2336165,0.022401346,0.41770226,-0.019446494,-0.06317943,0.08506156,-0.1349638,0.38204527,0.1659734,-0.12496622,0.07773777,0.05182052,-0.11897092,0.45751482,0.0060171885,0.20244068,-0.02128643,0.16510624,0.2728532,0.30151796,0.16457134,0.2129694,0.13066089,-0.16986492,-0.032218695,-0.20045948,-0.051176347,0.04052877,-0.08479418,0.19659136,-0.1749022,-0.17038292,0.3691219,0.021772219,0.17401333,0.23647214,0.038747616,0.08112038,0.45143682,0.03985548,-0.005176748,-0.028230913,0.02226289,0.11584412,0.30144465,-0.15020373,0.22112216,-0.22657606,0.09224162,0.3586552,0.24818826,-0.03673559,0.2655363,-0.089468665,0.23568688,-0.16947655,0.123352714,-0.006415455,-0.10766458,0.43242714
1018,HEC,A,612,-0.1999316,-0.03720131,0.733695,0.28748584,-0.103808425,0.14832395,0.2245393,-0.029785508,0.3922559,-0.16687633,-0.23192745,0.25840205,0.2925017,0.007693654,-0.1392734,-0.006468488,0.32046363,-0.13976458,0.116233096,0.3847343,0.3897572,-0.087305106,-0.12705141,0.25453836,-0.13567494,-0.046791717,0.21712838,-0.06384207,0.0828666,0.5246892,-0.035670098,-0.041505747,0.19286054,-0.02149663,-0.0024904064,-0.14181204,-0.062268775,-0.0029605366,-0.105868116,-0.17706771,-0.0154912,0.16843274,-0.07836833,0.12975019,0.033630017,0.23604767,0.18924426,0.066213295,0.51237375,-0.09748672,-0.021438194,0.09815775,0.059324272,-0.057148974,0.5646308,0.26039436,0.11355747,0.014233246,0.19324067,0.19492652,0.4214212,0.050562836,-0.22940268,0.2727931,0.22316357,0.13171355,0.045693096,-0.21111561,0.23207727,0.02218717,0.4182403,-0.01950294,-0.062860526,0.084927924,-0.13499711,0.38249683,0.16588956,-0.12511918,0.07754967,0.05159149,-0.11852729,0.4578089,0.0064745243,0.20242818,-0.021227373,0.16451462,0.2729239,0.30117637,0.1645787,0.21317986,0.1304383,-0.17005904,-0.031880863,-0.20079944,-0.05093976,0.041307554,-0.08486758,0.1962922,-0.1747941,-0.17049043,0.36881894,0.021505212,0.17390904,0.23609713,0.039290868,0.08147848,0.45179173,0.040009398,-0.0051796925,-0.028315661,0.022354612,0.114821054,0.30187654,-0.15001309,0.2209105,-0.2264595,0.09141192,0.3586041,0.24671309,-0.036490474,0.26566276,-0.089767694,0.23486388,-0.17007521,0.12287533,-0.00678577,-0.10757044,0.43416843
1018,HEC,A,615,-0.1999857,-0.037503958,0.7332976,0.2872769,-0.10369759,0.14795049,0.22411284,-0.029748831,0.3932611,-0.16702175,-0.23199262,0.25716412,0.2937667,0.0068933,-0.13866387,-0.00637521,0.3213671,-0.13945158,0.115633234,0.38323623,0.3896453,-0.08764297,-0.12635987,0.2533106,-0.13582158,-0.047083814,0.21793385,-0.06352857,0.08187263,0.52607965,-0.034819193,-0.042581387,0.19314301,-0.02143409,-0.0027591772,-0.1416549,-0.062803015,-0.0024030518,-0.10613299,-0.17652875,-0.01443924,0.16799913,-0.07901357,0.13028021,0.03372135,0.23626234,0.18945333,0.06703084,0.5118258,-0.09646773,-0.021889629,0.09790065,0.05941612,-0.057167314,0.5638694,0.26104665,0.11350548,0.013931177,0.19370672,0.1956404,0.42291757,0.05087279,-0.22919433,0.2707987,0.22222959,0.13200864,0.04575108,-0.21101761,0.23345909,0.022466794,0.4178048,-0.019071095,-0.06284396,0.08547357,-0.13514505,0.38203534,0.16573496,-0.12501425,0.07776729,0.05160381,-0.11888799,0.457544,0.0062345774,0.20237587,-0.02144336,0.16571432,0.27269563,0.30129367,0.16450144,0.21371105,0.13032518,-0.16980405,-0.03245428,-0.20048045,-0.051521774,0.040410813,-0.08464399,0.19687031,-0.17503682,-0.17044327,0.3689143,0.022044243,0.17402108,0.23646903,0.03890484,0.08121878,0.4509884,0.039748654,-0.0051373946,-0.028123427,0.022552337,0.11590333,0.30123386,-0.15002277,0.22187899,-0.22656593,0.09188935,0.3585516,0.2483783,-0.037063614,0.2656969,-0.08946167,0.23533134,-0.1694258,0.123416506,-0.0060804593,-0.10751727,0.43265158
1018,HEC,A,616,-0.19989485,-0.03691617,0.7329741,0.28744897,-0.10404968,0.14866066,0.2234408,-0.02983301,0.3910338,-0.16692567,-0.23209596,0.25791207,0.2927834,0.0065535787,-0.13893461,-0.005719725,0.32125735,-0.13965395,0.11695389,0.3841227,0.38973317,-0.08768233,-0.12747917,0.25527957,-0.13560015,-0.046825733,0.21715276,-0.063285306,0.08307307,0.52515376,-0.035543375,-0.04145033,0.19341962,-0.02089433,-0.0028163795,-0.14175953,-0.06263254,-0.0025322926,-0.105933234,-0.17686151,-0.015433361,0.16803421,-0.07849782,0.1289418,0.033888847,0.23624268,0.18873078,0.06607362,0.5128591,-0.097620875,-0.020618219,0.09927388,0.05866329,-0.056694776,0.5645266,0.26103178,0.11377626,0.014221296,0.19281045,0.19574653,0.42146412,0.05004252,-0.22915952,0.27179608,0.22299555,0.13197993,0.046298087,-0.21077003,0.23299974,0.02204487,0.41709596,-0.019446434,-0.06341337,0.084833205,-0.13514969,0.38275936,0.16622704,-0.12492631,0.07773808,0.05243856,-0.118676566,0.4572969,0.0057274904,0.20254828,-0.02104875,0.16515048,0.27401018,0.30157444,0.1645109,0.21233438,0.13066652,-0.16999763,-0.031911,-0.20073001,-0.051065248,0.04108674,-0.08506636,0.19631392,-0.17461443,-0.17032883,0.36916783,0.02127854,0.1746839,0.2361351,0.039489046,0.08109933,0.45178464,0.040097043,-0.005153323,-0.028180894,0.020885685,0.11532804,0.30095348,-0.15065062,0.22148833,-0.2264639,0.09160919,0.36001056,0.24784018,-0.036060758,0.26549193,-0.08929557,0.23570442,-0.16979058,0.12228255,-0.007187427,-0.107602306,0.43275604
1019,UNL, ,1,0.202778,0.0903059,-0.09145727,-0.034004465,-0.0037020138,0.06225806,-0.105050705,-0.14229898,0.6137272,-0.05847139,-0.20308517,0.0063482774,0.078494295,-0.21675692,-0.20814812,0.23015577,0.335335,0.019107182,0.48899287,0.17460008,0.31181377,0.037151597,0.18121904,0.3726791,0.16383414,-0.2262618,0.3105478,0.11425435,-0.058848444,-0.0920899,0.17603184,-0.14166926,0.58420724,0.14913611,0.119810425,0.52531266,-0.22455427,0.3786404,0.589025,-0.1988646,0.49955404,-0.009669371,0.0034670983,1.0919073,-0.20661016,0.23721743,0.032280624,0.0638774,1.233119,-0.2599073,-0.11736248,-0.17992963,-0.22934051,-0.122637615,-0.13138375,-0.14992994,-0.14877898,-0.06448752,0.04804956,0.12797365,0.801809,0.4004092,-0.25815225,0.55536014,-0.25574422,-0.20811196,-0.046575654,-0.12997212,-0.12644342,-0.056352276,-0.003585118,-0.07787412,0.120219804,0.2856693,0.17040294,0.12664674,-0.26974666,-0.15890124,0.54666626,-0.20970197,-0.014998827,-0.13415013,-0.2051628,0.40896562,-0.2611467,-0.2292225,-0.2516518,-0.19731402,0.015858084,-0.087052315,0.14286971,-0.15990946,-0.11814691,0.0357385,-0.2132705,-0.21936584,0.003410986,-0.013270768,-0.2275254,0.10405377,0.36060026,0.08651195,0.5850295,0.2522146,-0.24961913,-0.026531318,-0.065999426,-0.13491108,-0.21387011,-0.2756441,0.47019267,0.03391964,0.06078676,0.263529,0.061826017,0.019256132,1.1206411,0.11268356,-0.029841205,0.039681453,0.34018692,0.2255904,-0.1294327,-0.09570384,-0.12370964,-0.09642176,-0.21311523,-0.1607978
102,UNL, ,1,-0.10863182,0.20393443,0.3629051,0.05166492,-0.13114871,0.026314324,0.09850499,-0.041397285,0.3442377,-0.049672518,-0.16314797,0.34413007,0.072893,-0.11814859,-0.17199911,0.2043079,0.28975165,-0.1308519,0.04465148,0.21803391,0.1933874,-0.050604388,0.013344253,0.30868062,0.05626755,-0.112027146,0.087061614,-0.04624929,0.10290154,0.10561962,-0.0064834184,-0.12384833,0.117420636,0.074716665,-0.016649812,0.11475936,-0.087948166,0.3034108,0.11949251,-0.09296292,0.033594906,-0.0045084157,-0.003609728,0.26458853,0.1730596,0.17610367,0.008965235,0.10313973,0.3971235,0.17107196,0.03961612,0.117296755,-0.04967184,-0.11071307,0.23938076,0.08996122,0.0067741075,-0.07432779,0.07871237,0.0038617675,0.300932,0.14455499,-0.16178249,0.18594481,0.022059565,-0.053960245,0.16494656,-0.19831134,0.11798891,-0.021196172,0.12135794,0.011002866,0.20123355,0.121282846,0.078090966,0.27127677,0.053929,0.040723383,0.15638171,0.0020403184,0.08153928,0.11219055,0.08584675,0.20079726,0.18283778,0.24441294,0.3653377,0.1539461,0.23855607,0.14231049,0.08505842,0.031551134,-0.07033658,-0.08037237,0.06958878,0.075114064,-0.060690373,0.05425829,-0.044108957,-0.043593135,0.20215268,-0.042294946,0.19256002,0.331851,-0.039723113,-0.043057185,0.14781593,0.023252698,0.047598314,-0.1021068,-0.012108135,0.090187155,0.09747836,-0.13387926,0.024297947,-0.08243392,0.35352877,0.3051025,0.03671387,-0.051692694,0.14244263,0.06342107,0.111396134,-0.0779491,0.120295934,-0.066427656,-0.089550234,0.060860798
1020,UNL, ,1,0.202778,0.0903059,-0.09145727,-0.034004465,-0.0037020138,0.06225806,-0.105050705,-0.14229898,0.6137272,-0.05847139,-0.20308517,0.0063482774,0.078494295,-0.21675692,-0.20814812,0.23015577,0.335335,0.019107182,0.48899287,0.17460008,0.31181377,0.037151597,0.18121904,0.3726791,0.16383414,-0.2262618,0.3105478,0.11425435,-0.058848444,-0.0920899,0.17603184,-0.14166926,0.58420724,0.14913611,0.119810425,0.52531266,-0.22455427,0.3786404,0.589025,-0.1988646,0.49955404,-0.009669371,0.0034670983,1.0919073,-0.20661016,0.23721743,0.032280624,0.0638774,1.233119,-0.2599073,-0.11736248,-0.17992963,-0.22934051,-0.122637615,-0.13138375,-0.14992994,-0.14877898,-0.06448752,0.04804956,0.12797365,0.801809,0.4004092,-0.25815225,0.55536014,-0.25574422,-0.20811196,-0.046575654,-0.12997212,-0.12644342,-0.056352276,-0.003585118,-0.07787412,0.120219804,0.2856693,0.17040294,0.12664674,-0.26974666,-0.15890124,0.54666626,-0.20970197,-0.014998827,-0.13415013,-0.2051628,0.40896562,-0.2611467,-0.2292225,-0.2516518,-0.19731402,0.015858084,-0.087052315,0.14286971,-0.15990946,-0.11814691,0.0357385,-0.2132705,-0.21936584,0.003410986,-0.013270768,-0.2275254,0.10405377,0.36060026,0.08651195,0.5850295,0.2522146,-0.24961913,-0.026531318,-0.065999426,-0.13491108,-0.21387011,-0.2756441,0.47019267,0.03391964,0.06078676,0.263529,0.061826017,0.019256132,1.1206411,0.11268356,-0.029841205,0.039681453,0.34018692,0.2255904,-0.1294327,-0.09570384,-0.12370964,-0.09642176,-0.21311523,-0.1607978
1021,UNL, ,1,-0.15306039,-0.019410541,0.45445913,0.116887905,-0.13755883,0.040091738,0.1506463,-0.09506165,0.4027592,-0.049004868,-0.17916335,0.16368665,0.14516205,-0.088355884,-0.14642592,0.20168725,0.2671131,-0.14133736,0.115184195,0.26958,0.3873089,-0.033820257,-0.048973076,0.17518783,-0.0587145,-0.12644011,0.22771381,-0.04051341,0.17554794,0.21842623,0.02231821,-0.10431875,0.15428667,0.052299954,-0.0038699482,-0.045281716,-0.11732837,0.23976995,0.12830538,-0.17781,0.06991966,0.06400753,-0.009453241,0.5045619,0.12708339,0.14287433,0.088054225,0.18748142,0.54443,-0.06760368,-0.049891427,0.07309591,-0.029237583,-0.106522076,0.31407565,0.18653989,-0.016525222,-0.07951978,0.073529616,0.123563915,0.44356704,0.21506464,-0.21254519,0.21873967,0.06504308,-0.035780847,-0.0363276,-0.17438965,0.0607632,-0.034721173,0.23446618,-0.052755304,0.13761258,0.112446666,-0.035454307,0.3307206,0.13075791,-0.15714347,0.12258812,-0.003687624,-0.054644376,0.28880456,0.09868182,0.2275483,0.012571853,0.1433873,0.17818779,0.16567883,0.25355226,0.1914379,0.13562176,-0.12290764,-0.06953497,-0.12523912,-0.006409496,0.0058215093,-0.046265393,0.091574244,-0.15178448,-0.09977277,0.28746778,-0.021027567,0.2094223,0.2575959,-0.055925872,-0.0010478273,0.29248786,-0.0016350048,-0.04134935,-0.13356185,0.06664717,0.10514747,0.18992898,-0.102624804,0.110551946,-0.16575955,0.28186888,0.27893034,0.14570785,-0.059587657,0.20519543,0.04979918,0.2606345,-0.14549243,0.053927474,0.038377035,-0.1532393,0.16901302
1022,UNL, ,1,0.202778,0.0903059,-0.09145727,-0.034004465,-0.0037020138,0.06225806,-0.105050705,-0.14229898,0.6137272,-0.05847139,-0.20308517,0.0063482774,0.078494295,-0.21675692,-0.20814812,0.23015577,0.335335,0.019107182,0.48899287,0.17460008,0.31181377,0.037151597,0.18121904,0.3726791,0.16383414,-0.2262618,0.3105478,0.11425435,-0.058848444,-0.0920899,0.17603184,-0.14166926,0.58420724,0.14913611,0.119810425,0.52531266,-0.22455427,0.3786404,0.589025,-0.1988646,0.49955404,-0.009669371,0.0034670983,1.0919073,-0.20661016,0.23721743,0.032280624,0.0638774,1.233119,-0.2599073,-0.11736248,-0.17992963,-0.22934051,-0.122637615,-0.13138375,-0.14992994,-0.14877898,-0.06448752,0.04804956,0.12797365,0.801809,0.4004092,-0.25815225,0.55536014,-0.25574422,-0.20811196,-0.046575654,-0.12997212,-0.12644342,-0.056352276,-0.003585118,-0.07787412,0.120219804,0.2856693,0.17040294,0.12664674,-0.26974666,-0.15890124,0.54666626,-0.20970197,-0.014998827,-0.13415013,-0.2051628,0.40896562,-0.2611467,-0.2292225,-0.2516518,-0.19731402,0.015858084,-0.087052315,0.14286971,-0.15990946,-0.11814691,0.0357385,-0.2132705,-0.21936584,0.003410986,-0.013270768,-0.2275254,0.10405377,0.36060026,0.08651195,0.5850295,0.2522146,-0.24961913,-0.026531318,-0.065999426,-0.13491108,-0.21387011,-0.2756441,0.47019267,0.03391964,0.06078676,0.263529,0.061826017,0.019256132,1.1206411,0.11268356,-0.029841205,0.039681453,0.34018692,0.2255904,-0.1294327,-0.09570384,-0.12370964,-0.09642176,-0.21311523,-0.1607978
1023,UNL, ,1,-0.15328605,0.07867075,0.5562879,0.11275269,-0.114973865,0.19003157,0.14831445,-0.051495142,0.4456609,-0.14000522,-0.20852914,0.24874115,0.1733217,-0.06549028,-0.15664178,0.10363887,0.36030862,-0.15386555,0.12893647,0.2866506,0.3637503,-0.04268285,-0.059917904,0.1811713,-0.0363432,-0.062407583,0.14678457,-0.020220283,0.034667592,0.15451184,0.017053168,-0.1302449,0.18721257,0.00913054,0.0080800885,0.03201268,-0.10096313,0.18382135,0.03181397,-0.14415535,0.052834786,0.11120431,-0.02508133,0.249982,0.047170553,0.23832515,0.1713335,0.06834664,0.42948684,-0.12873505,0.0016433835,0.13937299,0.06398654,-0.063137926,0.4978856,0.20063496,0.028637052,-0.08925234,0.1199774,0.1916539,0.39438444,0.15568092,-0.19954816,0.24601093,0.116963245,0.04621394,0.12268008,-0.17973414,0.16406186,-0.015328067,0.30969054,0.04740015,0.10927715,0.19265585,-0.06482335,0.3102663,0.009109585,-0.052410387,0.10159473,0.01340501,-0.06738652,0.40079308,0.068447515,0.27816314,0.08848313,0.27414823,0.2879663,0.20656428,0.14823091,0.08929921,0.08832481,-0.12148585,-0.0016646117,-0.15059769,-0.034449853,-0.0019434824,-0.07930479,0.08016918,-0.09120319,-0.095536456,0.36153373,-0.06495227,0.14171383,0.170025,0.023859357,0.11118686,0.1986243,0.00063598267,-0.02743246,-0.03909927,0.09692988,0.049299948,0.22119693,-0.11634133,0.27569184,-0.13607514,0.24026017,0.3736906,0.12144232,-0.019857,0.28128535,0.025098752,0.17515,-0.16193067,0.062157474,-0.06894695,-0.09352992,0.18263374
1027,UNL, ,1,-0.10001297,-0.045452017,0.3129694,0.21464191,-0.0926287,-0.12663835,0.101551004,-0.052623324,0.49061382,-0.10635564,-0.24604082,-0.041292533,0.22952138,-0.10923789,-0.18254139,0.09577459,0.11628699,-0.041495476,0.28187856,0.36904803,0.25361598,-0.049593784,0.029698934,0.3856299,0.056210347,-0.15998828,0.3693546,-0.08447502,0.049639594,0.512176,0.08674408,-0.033281665,0.32779017,0.10699014,0.06273328,0.14803244,-0.17954077,0.28692338,0.17540747,-0.18378155,0.2293569,-0.012969773,-0.07077642,0.6342207,-0.045208007,0.07868568,0.00071213953,0.10516144,1.0184649,-0.14831965,-0.096958876,-0.0168137,-0.214115,-0.15295617,-0.057336412,-0.061736878,0.10313718,0.10689379,0.1483709,0.051694833,0.76956767,0.15734312,-0.27333528,0.45502013,-0.12187399,-0.067044586,-0.06586036,-0.16340761,0.081774615,0.037927475,0.21740046,-0.17943361,-0.0104968175,0.25584432,0.02310244,0.4030423,0.08873975,-0.11098699,0.32928908,-0.12918495,0.0048295837,-0.058988653,-0.19184712,0.26937672,-0.24575059,-0.20342642,-0.03395468,0.11217083,0.17125478,0.21903673,0.21277015,-0.1879937,-0.20941299,-0.10077509,-0.19736737,0.014785066,-0.010235416,0.28107485,-0.23072982,-0.0664441,0.33853263,0.118098535,0.5274828,0.25722182,-0.19513676,-0.13919109,0.44081268,-0.01501577,-0.017372124,-0.24788922,0.15283084,0.21989241,0.22459249,0.03993933,-0.075911,-0.1486363,0.62270653,0.27174833,0.17056943,-0.037413966,0.27996054,-0.057474002,0.0035792217,-0.14290367,0.023776814,0.00848259,-0.19750878,0.277439
1028,UNL, ,1,-0.10001297,-0.045452017,0.3129694,0.21464191,-0.0926287,-0.12663835,0.101551004,-0.052623324,0.49061382,-0.10635564,-0.24604082,-0.041292533,0.22952138,-0.10923789,-0.18254139,0.09577459,0.11628699,-0.041495476,0.28187856,0.36904803,0.25361598,-0.049593784,0.029698934,0.3856299,0.056210347,-0.15998828,0.3693546,-0.08447502,0.049639594,0.512176,0.08674408,-0.033281665,0.32779017,0.10699014,0.06273328,0.14803244,-0.17954077,0.28692338,0.17540747,-0.18378155,0.2293569,-0.012969773,-0.07077642,0.6342207,-0.045208007,0.07868568,0.00071213953,0.10516144,1.0184649,-0.14831965,-0.096958876,-0.0168137,-0.214115,-0.15295617,-0.057336412,-0.061736878,0.10313718,0.10689379,0.1483709,0.051694833,0.76956767,0.15734312,-0.27333528,0.45502013,-0.12187399,-0.067044586,-0.06586036,-0.16340761,0.081774615,0.037927475,0.21740046,-0.17943361,-0.0104968175,0.25584432,0.02310244,0.4030423,0.08873975,-0.11098699,0.32928908,-0.12918495,0.0048295837,-0.058988653,-0.19184712,0.26937672,-0.24575059,-0.20342642,-0.03395468,0.11217083,0.17125478,0.21903673,0.21277015,-0.1879937,-0.20941299,-0.10077509,-0.19736737,0.014785066,-0.010235416,0.28107485,-0.23072982,-0.0664441,0.33853263,0.118098535,0.5274828,0.25722182,-0.19513676,-0.13919109,0.44081268,-0.01501577,-0.017372124,-0.24788922,0.15283084,0.21989241,0.22459249,0.03993933,-0.075911,-0.1486363,0.62270653,0.27174833,0.17056943,-0.037413966,0.27996054,-0.057474002,0.0035792217,-0.14290367,0.023776814,0.00848259,-0.19750878,0.277439
1029,UNL, ,1,-0.10454054,0.131793,0.44816884,0.08206655,-0.13956043,0.044141598,0.118380964,-0.104964115,0.38310245,-0.006066823,-0.15978701,0.41221875,0.08485624,-0.09496739,-0.16484652,0.24201207,0.35840747,-0.14986272,0.051524747,0.21983555,0.28460085,-0.030886177,-0.014919415,0.27690005,-0.049294747,-0.14003427,0.14885314,-0.027244598,0.16550243,0.15348773,-0.03358731,-0.11052416,0.14392538,0.06741704,0.013575738,-0.036270075,-0.053621896,0.21406218,0.10996101,-0.16479,0.007163258,0.038864534,-0.0066746324,0.37054697,0.17204377,0.18476407,0.011572662,0.09741477,0.4956233,0.24784343,-0.00018140525,0.0017522067,-0.05618753,-0.10160214,0.32253307,0.12878671,-0.03150075,-0.10100563,0.09007536,0.04622645,0.38515714,0.14104386,-0.18472448,0.21162458,0.07775135,-0.067039564,0.0066259354,-0.19221197,0.047945432,-0.038978662,0.14633541,-0.037874065,0.13454518,0.057209093,0.10283607,0.2744869,0.102841064,-0.10541935,0.12704761,0.0020329028,0.04667664,0.18393199,0.10960619,0.13458975,0.08005396,0.16913667,0.29440597,0.1498549,0.2474062,0.22029856,0.11303067,0.026118051,-0.056146335,-0.07371871,0.09807589,0.050777692,-0.086706094,0.059323978,-0.1458542,-0.059497785,0.18392488,0.0005806118,0.21438475,0.44170433,-0.055557627,-0.04432601,0.20205617,-0.001778581,-0.020969877,-0.10566203,0.022353033,0.03321714,0.12633888,-0.13152707,0.050602514,-0.17776099,0.41880783,0.20573851,0.090807855,-0.083190665,0.10850881,0.018794656,0.18944995,-0.0942681,0.17214864,-0.024129778,-0.114664696,0.11413304
103,UNL, ,1,-0.104079105,0.13362075,0.44654045,0.08131807,-0.14040086,0.046530005,0.118807934,-0.10543804,0.38135287,-0.005663681,-0.15979144,0.414193,0.08363226,-0.094603576,-0.16525307,0.2417582,0.35713777,-0.15107314,0.05171176,0.22297347,0.2825275,-0.03027741,-0.01627191,0.27936897,-0.048810534,-0.13916767,0.15036961,-0.027760733,0.1655545,0.15163256,-0.03417236,-0.10953508,0.1440766,0.06695205,0.014601862,-0.036685538,-0.053461052,0.21196857,0.10596291,-0.1653039,0.007915301,0.038310796,-0.0061977147,0.37457305,0.17172228,0.1842208,0.010286221,0.09716182,0.49454182,0.24405274,0.0019637682,0.0027135224,-0.057511758,-0.10140784,0.32428265,0.1291416,-0.030870896,-0.10155799,0.08958351,0.04373776,0.38260773,0.13952544,-0.18466927,0.21651621,0.08041054,-0.06715109,0.008146119,-0.19341071,0.046947364,-0.039480112,0.14662986,-0.039978504,0.1360173,0.058764376,0.10350604,0.27615207,0.1032244,-0.1043091,0.124168396,0.003540075,0.047835425,0.1841034,0.10863173,0.13526031,0.079776265,0.16611263,0.2951207,0.1494843,0.24778256,0.21863048,0.11409547,0.02483905,-0.054201566,-0.07464874,0.0995524,0.05131642,-0.08562364,0.059289504,-0.14491796,-0.060179792,0.18452063,-0.00045909584,0.21281135,0.4411549,-0.054680318,-0.044178367,0.2023634,-0.0010491833,-0.021177093,-0.10698527,0.021730969,0.032406732,0.12656325,-0.12928432,0.04971846,-0.17740056,0.41685286,0.20602576,0.088974684,-0.083950564,0.10904119,0.01714167,0.18911819,-0.094994605,0.16887918,-0.024757314,-0.11613121,0.114773944
1030,UNL, ,1,-0.115390696,0.010701765,0.54554313,0.1871659,-0.10110252,0.12961765,0.16055329,-0.07440668,0.5326677,-0.15375762,-0.24434258,0.18734735,0.23734741,-0.053630035,-0.16444056,0.05818816,0.31208253,-0.11784188,0.23482256,0.35040602,0.37891087,-0.049376264,-0.043064248,0.2451158,-0.043827772,-0.08523682,0.25411293,-0.02900164,0.019364176,0.33556533,0.036584273,-0.087746054,0.2910693,0.024578929,0.042833243,0.024902096,-0.10147261,0.14371866,0.034305733,-0.19043998,0.096739195,0.10102742,-0.059294585,0.37150547,-0.047501326,0.22624512,0.17526633,0.03643387,0.7142535,-0.15095243,-0.05964226,0.03601997,-0.027428558,-0.0727999,0.39214495,0.109854095,0.07563376,-0.016718963,0.12605526,0.20803295,0.59404147,0.13049929,-0.24348561,0.37345803,0.058851067,0.04538579,0.019226367,-0.17069739,0.14477639,0.020506768,0.31523654,-0.030287981,-0.0016929718,0.21808909,-0.044103686,0.34061825,0.020172628,-0.118656635,0.17441182,-0.059776384,-0.06957775,0.31346673,-0.04068623,0.27471212,-0.10073537,0.052623134,0.1427401,0.19724397,0.098064035,0.14569841,0.1643024,-0.17289858,-0.062710635,-0.14752348,-0.118998945,-0.021979116,-0.072857894,0.16702539,-0.1769429,-0.09629045,0.4002402,0.024102136,0.3014594,0.20557438,-0.06346431,0.07506627,0.32711563,-0.01980185,-0.07208789,-0.096201904,0.14905573,0.062351573,0.2754361,-0.04948922,0.23178263,-0.18312907,0.42859498,0.29955974,0.17579754,-0.020000523,0.29986298,-0.05399629,0.121133305,-0.17730391,0.07231762,-0.05122621,-0.12349384,0.26885703
1031,UNL, ,1,0.202778,0.0903059,-0.09145727,-0.034004465,-0.0037020138,0.06225806,-0.105050705,-0.14229898,0.6137272,-0.05847139,-0.20308517,0.0063482774,0.078494295,-0.21675692,-0.20814812,0.23015577,0.335335,0.019107182,0.48899287,0.17460008,0.31181377,0.037151597,0.18121904,0.3726791,0.16383414,-0.2262618,0.3105478,0.11425435,-0.058848444,-0.0920899,0.17603184,-0.14166926,0.58420724,0.14913611,0.119810425,0.52531266,-0.22455427,0.3786404,0.589025,-0.1988646,0.49955404,-0.009669371,0.0034670983,1.0919073,-0.20661016,0.23721743,0.032280624,0.0638774,1.233119,-0.2599073,-0.11736248,-0.17992963,-0.22934051,-0.122637615,-0.13138375,-0.14992994,-0.14877898,-0.06448752,0.04804956,0.12797365,0.801809,0.4004092,-0.25815225,0.55536014,-0.25574422,-0.20811196,-0.046575654,-0.12997212,-0.12644342,-0.056352276,-0.003585118,-0.07787412,0.120219804,0.2856693,0.17040294,0.12664674,-0.26974666,-0.15890124,0.54666626,-0.20970197,-0.014998827,-0.13415013,-0.2051628,0.40896562,-0.2611467,-0.2292225,-0.2516518,-0.19731402,0.015858084,-0.087052315,0.14286971,-0.15990946,-0.11814691,0.0357385,-0.2132705,-0.21936584,0.003410986,-0.013270768,-0.2275254,0.10405377,0.36060026,0.08651195,0.5850295,0.2522146,-0.24961913,-0.026531318,-0.065999426,-0.13491108,-0.21387011,-0.2756441,0.47019267,0.03391964,0.06078676,0.263529,0.061826017,0.019256132,1.1206411,0.11268356,-0.029841205,0.039681453,0.34018692,0.2255904,-0.1294327,-0.09570384,-0.12370964,-0.09642176,-0.21311523,-0.1607978
1032,UNL, ,1,0.202778,0.0903059,-0.09145727,-0.034004465,-0.0037020138,0.06225806,-0.105050705,-0.14229898,0.6137272,-0.05847139,-0.20308517,0.0063482774,0.078494295,-0.21675692,-0.20814812,0.23015577,0.335335,0.019107182,0.48899287,0.17460008,0.31181377,0.037151597,0.18121904,0.3726791,0.16383414,-0.2262618,0.3105478,0.11425435,-0.058848444,-0.0920899,0.17603184,-0.14166926,0.58420724,0.14913611,0.119810425,0.52531266,-0.22455427,0.3786404,0.589025,-0.1988646,0.49955404,-0.009669371,0.0034670983,1.0919073,-0.20661016,0.23721743,0.032280624,0.0638774,1.233119,-0.2599073,-0.11736248,-0.17992963,-0.22934051,-0.122637615,-0.13138375,-0.14992994,-0.14877898,-0.06448752,0.04804956,0.12797365,0.801809,0.4004092,-0.25815225,0.55536014,-0.25574422,-0.20811196,-0.046575654,-0.12997212,-0.12644342,-0.056352276,-0.003585118,-0.07787412,0.120219804,0.2856693,0.17040294,0.12664674,-0.26974666,-0.15890124,0.54666626,-0.20970197,-0.014998827,-0.13415013,-0.2051628,0.40896562,-0.2611467,-0.2292225,-0.2516518,-0.19731402,0.015858084,-0.087052315,0.14286971,-0.15990946,-0.11814691,0.0357385,-0.2132705,-0.21936584,0.003410986,-0.013270768,-0.2275254,0.10405377,0.36060026,0.08651195,0.5850295,0.2522146,-0.24961913,-0.026531318,-0.065999426,-0.13491108,-0.21387011,-0.2756441,0.47019267,0.03391964,0.06078676,0.263529,0.061826017,0.019256132,1.1206411,0.11268356,-0.029841205,0.039681453,0.34018692,0.2255904,-0.1294327,-0.09570384,-0.12370964,-0.09642176,-0.21311523,-0.1607978
1033,UNL, ,1,-0.10405223,0.13182695,0.44838277,0.08246263,-0.1395256,0.04570154,0.118227854,-0.10499469,0.3829854,-0.0059209587,-0.15974876,0.41257268,0.08439089,-0.095114484,-0.16487834,0.24242897,0.35697943,-0.15022714,0.051964067,0.22086568,0.28416926,-0.030350422,-0.016664114,0.27876744,-0.049075104,-0.13995373,0.14824535,-0.027549107,0.16578634,0.15335342,-0.03375583,-0.1103765,0.14432296,0.06758722,0.013848623,-0.03674789,-0.053706057,0.21322218,0.11006205,-0.16493876,0.0061729928,0.03877144,-0.0055239378,0.36967286,0.17226341,0.18412271,0.01161136,0.0970282,0.49561673,0.24636205,0.0005647905,0.0017817139,-0.056405712,-0.10173627,0.32226434,0.12850669,-0.03121475,-0.10078113,0.08905554,0.044709865,0.38350138,0.13941762,-0.18481933,0.21415277,0.07809386,-0.066827476,0.0066389563,-0.19262174,0.04840097,-0.039102457,0.14725837,-0.03806739,0.13477744,0.058094703,0.10320397,0.27518997,0.10270785,-0.10545901,0.12639576,0.0021864534,0.04745581,0.18422551,0.109892055,0.13491525,0.08022195,0.16874453,0.29437488,0.14987639,0.24785323,0.21980703,0.11333786,0.025752777,-0.055668484,-0.07487687,0.098569475,0.050504994,-0.08667555,0.058975957,-0.145851,-0.05955317,0.18345104,2.8267503e-05,0.21422155,0.4410914,-0.055515386,-0.044382975,0.20255718,-0.0018162846,-0.020945992,-0.10581945,0.021573111,0.033016913,0.12699834,-0.13130602,0.05173679,-0.17747602,0.4174695,0.20595527,0.09027734,-0.08347108,0.10892268,0.018523436,0.18974763,-0.094911374,0.17191893,-0.02394157,-0.11461432,0.11443269
1034,UNL, ,1,-0.113363884,0.008981198,0.5499323,0.18527246,-0.1035468,0.1395662,0.16297409,-0.0769069,0.53029925,-0.15285459,-0.24367404,0.19089544,0.23156099,-0.050174057,-0.16590928,0.058967527,0.30069992,-0.11983362,0.23842229,0.3599012,0.37153038,-0.046450052,-0.050408736,0.24852942,-0.041501805,-0.08408505,0.25505456,-0.03160574,0.020929908,0.3258249,0.03303035,-0.08634794,0.29185006,0.02379644,0.050386246,0.024498766,-0.099513076,0.13823575,0.031433314,-0.19355957,0.0946432,0.099029966,-0.0550666,0.3701935,-0.048100892,0.22452335,0.1717472,0.03128652,0.71328187,-0.15334342,-0.05560188,0.03931868,-0.032229465,-0.077248394,0.3897228,0.10502855,0.07775226,-0.018006423,0.12877175,0.20058538,0.5842133,0.12222141,-0.24411935,0.38968337,0.05945466,0.04140463,0.016802752,-0.17241175,0.14012432,0.019952374,0.31533113,-0.02999407,0.0024578993,0.22033982,-0.042496044,0.345385,0.02084474,-0.119537055,0.16894315,-0.06105727,-0.06589445,0.3159534,-0.03495728,0.27715054,-0.09750119,0.048656166,0.15172096,0.19985108,0.09848554,0.14776461,0.16798167,-0.17224164,-0.06054153,-0.15029004,-0.118870795,-0.016417883,-0.07274526,0.16749333,-0.17647041,-0.09736637,0.40328908,0.022991503,0.2987659,0.20067954,-0.061463032,0.0747818,0.32940257,-0.020070644,-0.07279099,-0.0961658,0.14370762,0.0596855,0.2748829,-0.04520115,0.23828821,-0.1811338,0.42026237,0.3027279,0.16803433,-0.020955326,0.29941747,-0.05797106,0.12154284,-0.17969503,0.06784714,-0.057773832,-0.12099249,0.2722337
1035,UNL, ,1,-0.113363884,0.008981198,0.5499323,0.18527246,-0.1035468,0.1395662,0.16297409,-0.0769069,0.53029925,-0.15285459,-0.24367404,0.19089544,0.23156099,-0.050174057,-0.16590928,0.058967527,0.30069992,-0.11983362,0.23842229,0.3599012,0.37153038,-0.046450052,-0.050408736,0.24852942,-0.041501805,-0.08408505,0.25505456,-0.03160574,0.020929908,0.3258249,0.03303035,-0.08634794,0.29185006,0.02379644,0.050386246,0.024498766,-0.099513076,0.13823575,0.031433314,-0.19355957,0.0946432,0.099029966,-0.0550666,0.3701935,-0.048100892,0.22452335,0.1717472,0.03128652,0.71328187,-0.15334342,-0.05560188,0.03931868,-0.032229465,-0.077248394,0.3897228,0.10502855,0.07775226,-0.018006423,0.12877175,0.20058538,0.5842133,0.12222141,-0.24411935,0.38968337,0.05945466,0.04140463,0.016802752,-0.17241175,0.14012432,0.019952374,0.31533113,-0.02999407,0.0024578993,0.22033982,-0.042496044,0.345385,0.02084474,-0.119537055,0.16894315,-0.06105727,-0.06589445,0.3159534,-0.03495728,0.27715054,-0.09750119,0.048656166,0.15172096,0.19985108,0.09848554,0.14776461,0.16798167,-0.17224164,-0.06054153,-0.15029004,-0.118870795,-0.016417883,-0.07274526,0.16749333,-0.17647041,-0.09736637,0.40328908,0.022991503,0.2987659,0.20067954,-0.061463032,0.0747818,0.32940257,-0.020070644,-0.07279099,-0.0961658,0.14370762,0.0596855,0.2748829,-0.04520115,0.23828821,-0.1811338,0.42026237,0.3027279,0.16803433,-0.020955326,0.29941747,-0.05797106,0.12154284,-0.17969503,0.06784714,-0.057773832,-0.12099249,0.2722337
1036,UNL, ,1,-0.10051827,-0.043280084,0.30899495,0.21532379,-0.092517875,-0.12753928,0.099549904,-0.051814906,0.4856782,-0.10705187,-0.24643245,-0.040960845,0.22967175,-0.110484846,-0.18206799,0.096031934,0.11969608,-0.040334895,0.28372598,0.36544022,0.25716135,-0.050593153,0.030542701,0.3886027,0.055739805,-0.16006407,0.36828482,-0.08319053,0.051362343,0.51874024,0.086052164,-0.031243246,0.3277597,0.10898525,0.059147187,0.14877114,-0.17976141,0.28936085,0.17877519,-0.18273011,0.2277097,-0.012050527,-0.071148574,0.6308494,-0.04500843,0.07933196,0.0006050607,0.10539634,1.0222336,-0.14913829,-0.09587523,-0.016955547,-0.2139264,-0.15093006,-0.05545299,-0.059987653,0.10190167,0.1090087,0.14532,0.05535849,0.7705264,0.15912041,-0.2733134,0.4492073,-0.12029737,-0.06535589,-0.063892044,-0.16212574,0.08297802,0.03752606,0.21469541,-0.18060032,-0.013050772,0.25287223,0.022575438,0.40221044,0.089090884,-0.109947965,0.33424073,-0.12755479,0.003536608,-0.060283136,-0.19384104,0.26866436,-0.24611342,-0.2043755,-0.035843797,0.11043829,0.169702,0.21493928,0.21182457,-0.18892232,-0.20898822,-0.10064989,-0.19655153,0.012009479,-0.011817487,0.278451,-0.22990566,-0.06598307,0.3387354,0.116884045,0.5316736,0.25971293,-0.19514471,-0.1388672,0.44042948,-0.013272379,-0.017141335,-0.24811152,0.15128082,0.22035167,0.22369155,0.036360435,-0.07858419,-0.14905412,0.62604076,0.2729757,0.17296366,-0.034021754,0.27979505,-0.056382947,0.003087774,-0.14231393,0.023013163,0.009742208,-0.19878355,0.27644223
1037,UNL, ,1,-0.15301484,-0.021426592,0.45643413,0.11717771,-0.1369779,0.0391034,0.14953776,-0.09433636,0.40847212,-0.049437486,-0.18054655,0.1619902,0.1464658,-0.088827655,-0.14605148,0.20175776,0.2675708,-0.14144678,0.112367615,0.26971152,0.3877757,-0.033870094,-0.04775347,0.17345652,-0.059487436,-0.12664096,0.22673056,-0.040536188,0.17465755,0.2173658,0.024355553,-0.105333775,0.15384725,0.052058868,-0.0028081238,-0.045577437,-0.1179152,0.24193875,0.13005076,-0.1766957,0.07076001,0.06401015,-0.009869125,0.5044155,0.12857258,0.14241916,0.08971278,0.19003834,0.54233146,-0.06904805,-0.051765002,0.072019085,-0.027130488,-0.1073538,0.3128231,0.18684557,-0.015705911,-0.08057245,0.07361552,0.12083298,0.44501093,0.21747479,-0.21207893,0.2225083,0.065085426,-0.037271388,-0.03793914,-0.17505753,0.061713833,-0.034192428,0.23754093,-0.05132275,0.13536449,0.11536622,-0.03608952,0.3291825,0.1301246,-0.15817508,0.121396795,-0.0025670417,-0.055633444,0.28886196,0.094081104,0.22770038,0.009997986,0.14582872,0.17435437,0.16588491,0.25484157,0.19039397,0.13471317,-0.12374793,-0.07093133,-0.12468641,-0.00580154,0.0027541593,-0.046185046,0.09266058,-0.15254036,-0.09976111,0.28628084,-0.020189103,0.20728019,0.2584026,-0.056521557,-0.0015868433,0.2921469,-0.0023648813,-0.040938567,-0.13314496,0.07073217,0.105889276,0.19143546,-0.09989241,0.11603186,-0.16647637,0.28080684,0.27688634,0.14657173,-0.06270839,0.20546973,0.05377072,0.26100183,-0.14479625,0.056195743,0.04227235,-0.15217766,0.1684002
1038,UNL, ,1,-0.11628904,0.011370994,0.54287726,0.18813713,-0.10020846,0.1259392,0.15929528,-0.0733609,0.53285456,-0.15419257,-0.2446392,0.18603216,0.23948693,-0.055247877,-0.16383605,0.05791313,0.31687775,-0.116751455,0.23381265,0.34636185,0.38243017,-0.05059062,-0.039999906,0.24451333,-0.044747144,-0.085575975,0.25364342,-0.02801518,0.019153621,0.3414466,0.037801635,-0.08733537,0.29079103,0.025329381,0.039561447,0.025019566,-0.10213066,0.14622234,0.035709273,-0.18905734,0.09757411,0.10179329,-0.06115303,0.3718346,-0.047214467,0.22688878,0.17640088,0.038284726,0.7152974,-0.15070535,-0.06067711,0.034809623,-0.02571393,-0.07110413,0.39341557,0.11222354,0.07450839,-0.015478571,0.124375455,0.21131147,0.5977257,0.13407017,-0.24330156,0.36651078,0.059413034,0.047273416,0.020339787,-0.16998942,0.14678909,0.02044662,0.31448126,-0.030326447,-0.0031243581,0.21693093,-0.044708624,0.3384935,0.020323498,-0.118054874,0.17710795,-0.058689535,-0.07134619,0.31224915,-0.04259933,0.27358916,-0.10183335,0.05396576,0.13931482,0.19561552,0.09759311,0.14347403,0.16284688,-0.1732573,-0.063732065,-0.14618683,-0.11894228,-0.024743741,-0.07332075,0.16619183,-0.17718683,-0.09592378,0.3990369,0.024112334,0.30349386,0.20796882,-0.06416646,0.07501847,0.3262535,-0.01927161,-0.07174503,-0.09622208,0.15126733,0.063423686,0.27538428,-0.05143638,0.22977342,-0.18405424,0.4322574,0.2987027,0.17915791,-0.019098701,0.2999477,-0.05260457,0.12078353,-0.17621861,0.07371676,-0.048385363,-0.12471517,0.26748487
1039,UNL, ,1,-0.10429083,0.13182548,0.44778126,0.08167091,-0.14015284,0.045714337,0.118372485,-0.10539357,0.3817053,-0.005841762,-0.15960093,0.41302043,0.08353852,-0.09461802,-0.16514495,0.24191017,0.3571338,-0.15037376,0.05289457,0.22138782,0.28383583,-0.030457541,-0.015890304,0.27830294,-0.048929296,-0.13971713,0.14895763,-0.02770717,0.16576649,0.15274845,-0.03451874,-0.10942453,0.14404757,0.06742946,0.014400634,-0.03640346,-0.053388704,0.2131186,0.10882511,-0.1652322,0.0065108105,0.03862376,-0.0062167225,0.37075412,0.17181209,0.1844684,0.010601005,0.096648,0.4959209,0.24775867,0.00082571805,0.0024251253,-0.057023287,-0.10189734,0.32295933,0.12871411,-0.031410296,-0.10063994,0.09004974,0.045533955,0.38303685,0.14001024,-0.18480161,0.21446438,0.07867597,-0.06724899,0.0066326917,-0.19247775,0.04701355,-0.039227225,0.1456745,-0.03834201,0.13539901,0.057188015,0.1033868,0.27539793,0.103028156,-0.105075136,0.1260811,0.0021316141,0.047429945,0.18382464,0.11014972,0.1349681,0.080390416,0.16834645,0.2954615,0.14970724,0.24734505,0.22000861,0.11364962,0.026257789,-0.055582322,-0.07399751,0.09819798,0.05159371,-0.086727485,0.058750816,-0.14570048,-0.05984679,0.18468186,-0.00033075214,0.21417196,0.4411587,-0.055130184,-0.04430566,0.20239449,-0.0015180394,-0.021080112,-0.10596369,0.02109028,0.032448824,0.12617676,-0.13136812,0.05019424,-0.1775332,0.41778904,0.20656963,0.08959743,-0.08267106,0.10862789,0.01803884,0.18922482,-0.09455874,0.17109194,-0.024922138,-0.114719346,0.11451168
