pdb_id,ligand_resname,ligand_chain,ligand_resnum,feat_0,feat_1,feat_2,feat_3,feat_4,feat_5,feat_6,feat_7,feat_8,feat_9,feat_10,feat_11,feat_12,feat_13,feat_14,feat_15,feat_16,feat_17,feat_18,feat_19,feat_20,feat_21,feat_22
0,FAD,B,1,0.18421052,0.02631579,0.05263158,0.02631579,0.05263158,0.13157895,0.02631579,0.05263158,0.02631579,0.05263158,0.02631579,0.078947365,0.02631579,0.02631579,0.0,0.078947365,0.02631579,0.078947365,0.0,0.02631579,0.0,0.0,0.0
1,UNL, ,1,0.0,0.0,0.0,0.0,0.0,0.0,0.0,0.0,0.0,0.2,0.0,0.4,0.0,0.2,0.0,0.0,0.0,0.0,0.0,0.2,0.0,0.0,0.0
100,UNL, ,1,0.4,0.0,0.0,0.0,0.0,0.0,0.0,0.2,0.0,0.1,0.0,0.0,0.1,0.0,0.0,0.1,0.0,0.0,0.0,0.1,0.0,0.0,0.0
1000,UNL, ,1,0.0,0.0,0.0,0.0,0.0,0.0,0.2,0.0,0.2,0.0,0.0,0.0,0.0,0.0,0.0,0.2,0.2,0.0,0.0,0.2,0.0,0.0,0.0
1001,UNL, ,1,0.0,0.0,0.0,0.0,0.0,0.0,0.0,0.16666667,0.16666667,0.16666667,0.0,0.16666667,0.0,0.0,0.16666667,0.0,0.16666667,0.0,0.0,0.0,0.0,0.0,0.0
1002,UNL, ,1,0.0,0.0,0.0,0.0,0.0,0.0,0.0,0.16666667,0.16666667,0.0,0.0,0.0,0.16666667,0.0,0.33333334,0.16666667,0.0,0.0,0.0,0.0,0.0,0.0,0.0
1003,FES,C,501,0.0,0.16666667,0.0,0.0,0.0,0.0,0.33333334,0.0,0.0,0.0,0.0,0.0,0.0,0.0,0.16666667,0.0,0.0,0.0,0.16666667,0.16666667,0.0,0.0,0.0
1004,UNL, ,1,0.0,0.0,0.0,0.2,0.0,0.0,0.0,0.0,0.0,0.2,0.2,0.0,0.0,0.2,0.0,0.0,0.0,0.2,0.0,0.0,0.0,0.0,0.0
1005,UNL, ,1,0.0,0.0,0.0,0.0,0.0,0.0,0.0,0.5,0.0,0.0,0.0,0.0,0.0,0.0,0.5,0.0,0.0,0.0,0.0,0.0,0.0,0.0,0.0
1006,HEM,A,501,0.0625,0.03125,0.0,0.0,0.125,0.0625,0.0,0.0625,0.0,0.125,0.0625,0.0625,0.09375,0.03125,0.09375,0.03125,0.03125,0.09375,0.03125,0.0,0.0,0.0,0.0
1007,UNL, ,1,0.0,0.0,0.0,0.33333334,0.16666667,0.0,0.0,0.0,0.0,0.0,0.0,0.16666667,0.0,0.0,0.0,0.0,0.33333334,0.0,0.0,0.0,0.0,0.0,0.0
1008,UNL, ,1,0.0,0.0,0.0,0.33333334,0.16666667,0.0,0.0,0.0,0.0,0.0,0.0,0.16666667,0.0,0.0,0.0,0.0,0.33333334,0.0,0.0,0.0,0.0,0.0,0.0
1009,UNL, ,1,0.16666667,0.0,0.25,0.0,0.083333336,0.083333336,0.0,0.0,0.33333334,0.0,0.0,0.083333336,0.0,0.0,0.0,0.0,0.0,0.0,0.0,0.0,0.0,0.0,0.0
101,UNL, ,1,0.33333334,0.0,0.0,0.0,0.0,0.0,0.0,0.22222222,0.0,0.11111111,0.0,0.0,0.11111111,0.0,0.0,0.11111111,0.0,0.0,0.0,0.11111111,0.0,0.0,0.0
1010,FAD,A,601,0.027777778,0.027777778,0.027777778,0.0,0.055555556,0.2777778,0.055555556,0.055555556,0.055555556,0.083333336,0.0,0.055555556,0.027777778,0.0,0.027777778,0.055555556,0.027777778,0.055555556,0.0,0.083333336,0.0,0.0,0.0
1011,HEM,A,601,0.11111111,0.027777778,0.0,0.0,0.1388889,0.11111111,0.0,0.027777778,0.0,0.11111111,0.0,0.0,0.027777778,0.055555556,0.11111111,0.1388889,0.083333336,0.0,0.055555556,0.0,0.0,0.0,0.0
1012,UNL, ,1,0.13333334,0.0,0.0,0.0,0.0,0.06666667,0.0,0.13333334,0.06666667,0.06666667,0.0,0.0,0.06666667,0.0,0.13333334,0.13333334,0.06666667,0.0,0.0,0.13333334,0.0,0.0,0.0
1013,UNL, ,1,0.0,0.125,0.0,0.0,0.125,0.125,0.0,0.0,0.0,0.125,0.0,0.0,0.375,0.0,0.0,0.0,0.125,0.0,0.0,0.0,0.0,0.0,0.0
1014,UNL, ,1,0.125,0.0,0.0,0.0,0.0,0.375,0.0,0.0,0.0,0.125,0.125,0.0,0.25,0.0,0.0,0.0,0.0,0.0,0.0,0.0,0.0,0.0,0.0
1015,UNL, ,1,0.0,0.0,0.0,0.0,0.33333334,0.33333334,0.0,0.0,0.0,0.0,0.16666667,0.0,0.0,0.0,0.0,0.16666667,0.0,0.0,0.0,0.0,0.0,0.0,0.0
1016,UNL, ,1,0.16666667,0.0,0.0,0.0,0.0,0.33333334,0.0,0.0,0.0,0.33333334,0.0,0.0,0.16666667,0.0,0.0,0.0,0.0,0.0,0.0,0.0,0.0,0.0,0.0
1017,UNK,A,1,0.0,0.0,0.0,0.0,0.25,0.0,0.0,0.0,0.0,0.25,0.0,0.0,0.25,0.0,0.0,0.0,0.25,0.0,0.0,0.0,0.0,0.0,0.0
1018,HEC,A,609,0.04347826,0.13043478,0.0,0.08695652,0.04347826,0.08695652,0.13043478,0.0,0.04347826,0.04347826,0.04347826,0.08695652,0.0,0.08695652,0.0,0.04347826,0.04347826,0.0,0.08695652,0.0,0.0,0.0,0.0
1018,HEC,A,610,0.0,0.17391305,0.0,0.0,0.04347826,0.04347826,0.17391305,0.04347826,0.0,0.04347826,0.04347826,0.0,0.04347826,0.0,0.08695652,0.04347826,0.04347826,0.13043478,0.08695652,0.0,0.0,0.0,0.0
1018,HEC,A,611,0.0,0.13636364,0.09090909,0.0,0.045454547,0.09090909,0.13636364,0.09090909,0.045454547,0.045454547,0.0,0.0,0.09090909,0.0,0.09090909,0.045454547,0.0,0.09090909,0.0,0.0,0.0,0.0,0.0
1018,HEC,A,613,0.08,0.12,0.0,0.04,0.0,0.08,0.2,0.04,0.04,0.04,0.04,0.04,0.08,0.0,0.12,0.0,0.04,0.0,0.0,0.04,0.0,0.0,0.0
1018,HEC,A,614,0.20833333,0.20833333,0.0,0.0,0.0,0.083333336,0.16666667,0.041666668,0.0,0.0,0.083333336,0.041666668,0.041666668,0.041666668,0.0,0.041666668,0.0,0.0,0.0,0.041666668,0.0,0.0,0.0
1018,HEC,A,612,0.0,0.13043478,0.04347826,0.04347826,0.04347826,0.04347826,0.17391305,0.0,0.08695652,0.0,0.13043478,0.04347826,0.0,0.0,0.04347826,0.0,0.0,0.13043478,0.04347826,0.04347826,0.0,0.0,0.0
1018,HEC,A,615,0.04,0.12,0.0,0.04,0.0,0.04,0.16,0.04,0.04,0.08,0.08,0.0,0.08,0.0,0.04,0.0,0.08,0.0,0.08,0.08,0.0,0.0,0.0
1018,HEC,A,616,0.05263158,0.10526316,0.05263158,0.0,0.05263158,0.0,0.10526316,0.05263158,0.05263158,0.15789473,0.05263158,0.0,0.05263158,0.0,0.05263158,0.0,0.0,0.05263158,0.05263158,0.10526316,0.0,0.0,0.0
1019,UNL, ,1,0.0,0.0,0.0,0.125,0.125,0.25,0.0,0.0,0.125,0.125,0.0,0.0,0.0,0.0,0.0,0.25,0.0,0.0,0.0,0.0,0.0,0.0,0.0
102,UNL, ,1,0.0,0.0,0.0,0.2,0.0,0.0,0.0,0.0,0.0,0.2,0.0,0.0,0.2,0.0,0.0,0.0,0.4,0.0,0.0,0.0,0.0,0.0,0.0
1020,UNL, ,1,0.0,0.0,0.0,0.125,0.125,0.25,0.0,0.0,0.125,0.125,0.0,0.0,0.0,0.0,0.0,0.25,0.0,0.0,0.0,0.0,0.0,0.0,0.0
1021,UNL, ,1,0.22222222,0.0,0.0,0.0,0.11111111,0.44444445,0.0,0.0,0.0,0.0,0.0,0.0,0.0,0.0,0.0,0.0,0.11111111,0.11111111,0.0,0.0,0.0,0.0,0.0
1022,UNL, ,1,0.0,0.0,0.0,0.125,0.125,0.25,0.0,0.0,0.125,0.125,0.0,0.0,0.0,0.0,0.0,0.25,0.0,0.0,0.0,0.0,0.0,0.0,0.0
1023,UNL, ,1,0.0,0.0,0.0,0.0,0.2,0.0,0.0,0.0,0.0,0.0,0.0,0.0,0.0,0.0,0.2,0.6,0.0,0.0,0.0,0.0,0.0,0.0,0.0
1027,UNL, ,1,0.0,0.0,0.0,0.0,0.0,0.4,0.2,0.0,0.0,0.2,0.0,0.0,0.0,0.0,0.0,0.2,0.0,0.0,0.0,0.0,0.0,0.0,0.0
1028,UNL, ,1,0.0,0.0,0.0,0.0,0.0,0.4,0.2,0.0,0.0,0.2,0.0,0.0,0.0,0.0,0.0,0.2,0.0,0.0,0.0,0.0,0.0,0.0,0.0
1029,UNL, ,1,0.0,0.0,0.0,0.0,0.2,0.0,0.0,0.0,0.2,0.0,0.0,0.0,0.4,0.2,0.0,0.0,0.0,0.0,0.0,0.0,0.0,0.0,0.0
103,UNL, ,1,0.0,0.0,0.0,0.0,0.0,0.25,0.0,0.0,0.25,0.25,0.0,0.25,0.0,0.0,0.0,0.0,0.0,0.0,0.0,0.0,0.0,0.0,0.0
1030,UNL, ,1,0.0,0.0,0.0,0.0,0.0,0.0,0.2,0.0,0.2,0.0,0.0,0.2,0.0,0.0,0.0,0.0,0.0,0.4,0.0,0.0,0.0,0.0,0.0
1031,UNL, ,1,0.0,0.0,0.16666667,0.0,0.0,0.0,0.16666667,0.16666667,0.0,0.0,0.16666667,0.0,0.16666667,0.0,0.0,0.0,0.0,0.0,0.16666667,0.0,0.0,0.0,0.0
1032,UNL, ,1,0.0,0.0,0.16666667,0.0,0.0,0.0,0.16666667,0.16666667,0.0,0.0,0.16666667,0.0,0.16666667,0.0,0.0,0.0,0.0,0.0,0.16666667,0.0,0.0,0.0,0.0
1033,UNL, ,1,0.11111111,0.11111111,0.11111111,0.11111111,0.11111111,0.11111111,0.0,0.0,0.11111111,0.0,0.0,0.0,0.0,0.11111111,0.0,0.0,0.0,0.0,0.11111111,0.0,0.0,0.0,0.0
1034,UNL, ,1,0.0,0.0,0.0,0.14285715,0.0,0.0,0.14285715,0.0,0.0,0.0,0.14285715,0.0,0.0,0.0,0.14285715,0.14285715,0.0,0.14285715,0.0,0.14285715,0.0,0.0,0.0
1035,UNL, ,1,0.0,0.0,0.0,0.14285715,0.0,0.0,0.14285715,0.0,0.0,0.0,0.14285715,0.0,0.0,0.0,0.14285715,0.14285715,0.0,0.14285715,0.0,0.14285715,0.0,0.0,0.0
1036,UNL, ,1,0.0,0.0,0.0,0.0,0.2,0.0,0.0,0.0,0.0,0.4,0.2,0.0,0.0,0.0,0.2,0.0,0.0,0.0,0.0,0.0,0.0,0.0,0.0
1037,UNL, ,1,0.0,0.0,0.0,0.0,0.0,0.25,0.0,0.0,0.0,0.125,0.0,0.0,0.0,0.0,0.5,0.0,0.0,0.125,0.0,0.0,0.0,0.0,0.0
1038,UNL, ,1,0.0,0.0,0.1,0.0,0.0,0.1,0.0,0.1,0.0,0.0,0.0,0.1,0.0,0.1,0.1,0.2,0.0,0.2,0.0,0.0,0.0,0.0,0.0
1039,UNL, ,1,0.0,0.0,0.14285715,0.0,0.0,0.14285715,0.0,0.14285715,0.0,0.14285715,0.0,0.0,0.0,0.14285715,0.2857143,0.0,0.0,0.0,0.0,0.0,0.0,0.0,0.0
